,start,sport,distance,duration,avg_speed,calories,cals_per_hour,heartrate,climb,temp
0,2021-05-30 11:09:26,road,20.04,0 days 00:42:26,28.3,506.0,715.0,144.0,152.0,"22,3"
1,2021-05-28 08:51:04,road,100.29,0 days 03:21:59,29.8,1.799,534.0,131.0,610.0,"16,6"
2,2021-05-26 08:51:07,road,124.78,0 days 04:44:16,26.3,2.741,579.0,140.0,1.751,"15,9"
3,2021-05-24 10:46:51,road,36.25,0 days 01:18:23,27.7,643.0,492.0,124.0,186.0,"16,2"
4,2021-05-23 09:20:16,mountain,78.61,0 days 03:10:01,24.8,2.031,641.0,143.0,381.0,"13,9"
5,2021-05-20 11:57:24,road,25.02,0 days 00:58:44,25.6,528.0,539.0,130.0,344.0,"17,6"
6,2021-05-16 07:32:40,road,105.19,0 days 04:00:04,26.3,2.337,584.0,142.0,1.63,"16,0"
7,2021-05-14 15:27:28,mountain,12.53,0 days 00:42:51,17.5,471.0,659.0,144.0,288.0,"16,8"
8,2021-05-12 09:15:56,road,83.03,0 days 02:57:37,28.0,1.699,574.0,135.0,656.0,"13,2"
9,2021-05-10 09:17:59,road,53.71,0 days 02:01:10,26.6,1.075,532.0,127.0,476.0,"15,8"
10,2021-05-09 10:18:21,road,60.81,0 days 02:11:23,27.8,1.333,609.0,140.0,579.0,"16,9"
11,2021-05-07 08:32:25,road,112.16,0 days 04:38:55,24.1,2.462,530.0,135.0,1.879,"16,5"
12,2021-05-05 09:19:13,road,74.43,0 days 02:58:28,25.0,1.651,555.0,139.0,1.235,"13,4"
13,2021-05-04 09:15:08,road,78.12,0 days 02:56:31,26.6,1.658,564.0,139.0,1.018,"12,4"
14,2021-04-30 09:21:42,road,69.15,0 days 02:33:17,27.1,1.474,577.0,142.0,759.0,"13,1"
15,2021-04-23 09:14:19,mountain,56.25,0 days 03:31:20,16.0,1.847,524.0,135.0,1.578,"11,6"
16,2021-04-19 09:12:48,road,82.36,0 days 02:59:40,27.5,1.546,516.0,133.0,881.0,"8,1"
17,2021-04-18 10:59:22,mountain,40.13,0 days 02:11:10,18.4,1.249,571.0,139.0,759.0,"12,7"
18,2021-04-16 09:16:46,road,77.61,0 days 02:52:19,27.0,1.42,494.0,131.0,724.0,"10,3"
19,2021-04-14 09:12:36,road,80.17,0 days 03:11:45,25.1,1.774,555.0,137.0,1.417,"11,3"
20,2021-04-13 09:17:05,road,72.9,0 days 02:35:51,28.1,1.46,562.0,136.0,667.0,"8,0"
21,2021-04-08 09:26:23,road,73.75,0 days 02:46:37,26.6,1.527,550.0,136.0,818.0,"10,9"
22,2021-04-04 07:55:08,road,109.69,0 days 04:11:03,26.2,2.251,538.0,136.0,1.659,"16,0"
23,2021-04-02 10:35:32,road,79.6,0 days 03:03:13,26.1,1.352,443.0,129.0,842.0,"19,0"
24,2021-04-01 09:33:25,road,114.29,0 days 04:55:30,23.2,2.673,543.0,136.0,1.993,"19,7"
25,2021-03-31 09:46:25,road,74.52,0 days 02:59:53,24.9,1.672,558.0,138.0,1.28,"17,2"
26,2021-03-30 10:26:38,road,54.05,0 days 02:02:41,26.4,1.169,572.0,139.0,683.0,"18,2"
27,2021-03-26 09:05:51,road,54.78,0 days 02:09:19,25.4,1.187,551.0,139.0,874.0,"14,1"
28,2021-03-24 09:19:43,road,71.49,0 days 02:36:53,27.3,1.294,495.0,128.0,409.0,"16,5"
29,2021-03-23 09:48:26,road,71.88,0 days 02:35:12,27.8,1.408,544.0,134.0,398.0,"14,3"
30,2021-03-21 08:51:44,road,90.27,0 days 03:28:59,25.9,1.851,531.0,136.0,1.148,"12,4"
31,2021-03-18 09:04:08,road,68.63,0 days 02:42:36,25.3,1.469,542.0,135.0,1.178,"12,9"
32,2021-03-16 09:52:31,road,69.02,0 days 02:28:57,27.8,1.565,630.0,142.0,848.0,"14,3"
33,2021-03-14 09:15:47,mountain,60.37,0 days 03:11:21,18.9,1.665,522.0,135.0,1.063,"14,1"
34,2021-03-12 09:08:56,road,84.31,0 days 03:03:24,27.6,1.545,505.0,132.0,447.0,"14,3"
35,2021-03-10 09:21:37,road,71.81,0 days 02:33:02,28.2,1.416,555.0,133.0,412.0,"12,5"
36,2021-03-09 09:31:34,road,71.27,0 days 02:32:07,28.1,1.433,565.0,134.0,402.0,"13,3"
37,2021-03-07 09:07:48,mountain,53.72,0 days 03:06:16,17.3,1.313,423.0,120.0,883.0,"14,3"
38,2021-03-05 09:47:50,road,13.01,0 days 00:28:19,27.6,284.0,602.0,125.0,97.0,"13,3"
39,2021-03-04 09:19:42,road,71.27,0 days 02:30:20,28.4,1.333,532.0,132.0,397.0,"14,7"
40,2021-03-03 09:42:03,road,61.62,0 days 02:22:54,25.9,1.232,517.0,135.0,717.0,"14,1"
41,2021-03-01 08:57:04,road,24.19,0 days 00:56:56,25.5,513.0,541.0,124.0,133.0,"12,6"
42,2021-02-28 10:25:15,road,74.38,0 days 02:49:26,26.3,1.827,647.0,146.0,1.246,"15,0"
43,2021-02-26 10:07:19,road,58.74,0 days 02:05:13,28.1,1.21,580.0,136.0,297.0,"13,1"
44,2021-02-24 08:02:35,road,65.21,0 days 02:21:52,27.6,1.282,542.0,140.0,646.0,"13,4"
45,2021-02-23 09:24:54,road,69.97,0 days 02:40:56,26.1,1.451,541.0,133.0,662.0,"15,0"
46,2021-02-21 10:37:18,road,65.63,0 days 02:33:14,25.7,1.191,466.0,124.0,352.0,"14,8"
47,2021-02-19 08:40:34,road,107.1,0 days 03:24:02,31.5,2.21,650.0,144.0,725.0,"13,5"
48,2021-02-17 09:11:11,road,58.97,0 days 02:05:36,28.2,1.162,555.0,140.0,530.0,"12,3"
49,2021-02-15 08:39:28,road,98.14,0 days 03:47:05,25.9,2.125,561.0,136.0,1.002,"9,1"
50,2021-02-11 08:36:02,road,70.81,0 days 02:40:18,26.5,1.427,534.0,134.0,823.0,"9,1"
51,2021-02-10 08:42:40,road,71.72,0 days 02:40:01,26.9,1.265,474.0,126.0,391.0,"10,0"
52,2021-02-09 11:20:34,road,39.9,0 days 01:30:20,26.5,694.0,461.0,121.0,246.0,"12,4"
53,2021-02-06 08:44:04,mountain,68.32,0 days 04:03:41,16.8,1.899,468.0,132.0,1.14,"15,0"
54,2021-02-05 08:18:12,road,91.11,0 days 03:31:37,25.8,1.743,494.0,132.0,1.106,"12,0"
55,2021-02-04 08:23:10,road,91.98,0 days 03:26:58,26.7,1.853,537.0,135.0,958.0,"12,6"
56,2021-02-03 09:33:41,road,65.35,0 days 02:37:33,24.9,1.128,430.0,121.0,536.0,"15,9"
57,2021-02-02 08:42:57,road,78.91,0 days 02:51:29,27.6,1.671,585.0,139.0,757.0,"14,3"
58,2021-01-31 09:18:51,road,106.95,0 days 04:12:10,25.4,2.028,483.0,130.0,631.0,"13,9"
59,2021-01-29 09:04:34,road,100.28,0 days 03:42:48,27.0,1.917,516.0,133.0,627.0,"14,8"
60,2021-01-28 09:02:03,road,73.36,0 days 02:30:01,29.3,1.521,608.0,140.0,389.0,"13,2"
61,2021-01-27 09:58:53,road,71.68,0 days 02:32:31,28.2,1.536,604.0,143.0,588.0,"11,3"
62,2021-01-26 13:07:10,road,34.62,0 days 01:14:16,28.0,869.0,702.0,143.0,187.0,"11,0"
63,2021-01-24 09:47:07,road,96.7,0 days 03:44:27,25.8,1.796,480.0,133.0,576.0,"12,6"
64,2021-01-23 09:32:13,road,66.77,0 days 02:26:54,27.3,1.359,555.0,137.0,425.0,"9,6"
65,2021-01-21 10:22:05,mountain,30.58,0 days 01:37:31,18.8,868.0,534.0,136.0,469.0,"12,3"
66,2021-01-20 09:31:08,road,74.29,0 days 02:58:06,25.0,1.381,465.0,127.0,511.0,"10,6"
67,2021-01-19 11:13:33,road,36.97,0 days 01:25:05,26.1,692.0,488.0,127.0,220.0,"11,2"
68,2021-01-17 10:38:53,road,72.09,0 days 02:52:18,25.1,1.293,450.0,129.0,419.0,"12,8"
69,2021-01-16 10:57:21,road,54.88,0 days 02:06:24,26.1,923.0,438.0,126.0,279.0,"10,2"
70,2021-01-14 09:57:59,road,72.73,0 days 02:54:42,25.0,1.281,440.0,124.0,429.0,"10,1"
71,2021-01-12 11:09:37,road,45.52,0 days 01:39:19,27.5,896.0,541.0,133.0,256.0,"7,4"
72,2021-01-10 11:08:27,road,47.47,0 days 01:55:21,24.7,983.0,511.0,134.0,346.0,"8,0"
73,2021-01-08 09:08:16,road,89.42,0 days 03:25:45,26.1,1.572,458.0,131.0,502.0,"5,3"
74,2021-01-07 09:32:50,road,77.03,0 days 02:57:22,26.1,1.422,481.0,133.0,435.0,"5,5"
75,2021-01-06 11:27:52,road,55.6,0 days 02:00:51,27.6,1.062,527.0,137.0,293.0,"7,8"
76,2021-01-05 11:08:38,road,40.11,0 days 01:28:32,27.2,824.0,558.0,135.0,245.0,"6,6"
77,2021-01-03 09:46:29,road,79.0,0 days 03:01:06,26.2,1.601,530.0,138.0,462.0,"5,4"
78,2021-01-02 11:07:15,road,51.24,0 days 01:48:57,28.2,988.0,544.0,136.0,265.0,"7,8"
79,2021-01-01 10:06:55,road,69.92,0 days 02:34:34,27.1,1.318,512.0,135.0,402.0,"7,8"
80,2020-12-29 09:28:14,road,65.72,0 days 02:22:33,27.7,1.27,535.0,136.0,339.0,"9,0"
81,2020-12-27 11:59:03,road,49.5,0 days 01:56:47,25.4,950.0,488.0,132.0,279.0,"8,3"
82,2020-12-25 11:36:37,road,51.93,0 days 02:00:30,25.9,912.0,454.0,126.0,260.0,"10,8"
83,2020-12-24 11:09:11,road,37.01,0 days 01:29:32,24.8,719.0,482.0,129.0,214.0,"12,5"
84,2020-12-22 11:17:37,road,38.77,0 days 01:28:46,26.2,718.0,485.0,128.0,217.0,"15,3"
85,2020-12-20 09:14:17,road,70.51,0 days 02:41:55,26.1,1.375,510.0,133.0,328.0,"13,5"
86,2020-12-19 10:08:47,road,39.18,0 days 01:34:31,24.9,781.0,496.0,127.0,267.0,"12,6"
87,2020-12-16 11:04:52,road,44.48,0 days 01:42:44,26.0,816.0,477.0,127.0,251.0,"14,5"
88,2020-12-14 10:15:36,road,49.75,0 days 01:54:57,26.0,906.0,473.0,129.0,275.0,"13,2"
89,2020-12-13 10:41:18,road,58.05,0 days 02:14:41,25.9,982.0,437.0,127.0,308.0,"12,7"
90,2020-12-12 10:20:34,road,45.37,0 days 01:46:59,25.4,823.0,462.0,128.0,256.0,"11,8"
91,2020-12-10 10:47:00,road,40.91,0 days 01:37:29,25.2,756.0,465.0,127.0,243.0,"11,9"
92,2020-12-08 09:30:46,road,39.51,0 days 01:37:32,24.3,833.0,512.0,128.0,249.0,"9,0"
93,2020-12-06 10:12:35,road,50.5,0 days 02:02:37,24.7,879.0,430.0,126.0,274.0,"7,9"
94,2020-12-04 10:51:25,road,39.61,0 days 01:36:11,24.7,816.0,509.0,129.0,236.0,"12,0"
95,2020-12-02 10:17:25,road,40.95,0 days 01:38:21,25.0,793.0,484.0,126.0,244.0,"10,0"
96,2020-11-30 09:23:49,road,37.02,0 days 01:32:12,24.1,693.0,451.0,127.0,205.0,"12,5"
97,2020-11-29 16:20:23,mountain,14.44,0 days 00:57:21,15.1,350.0,366.0,119.0,125.0,"15,5"
98,2020-11-14 11:10:08,road,49.4,0 days 01:53:18,26.2,791.0,419.0,124.0,277.0,"19,2"
99,2020-11-10 09:36:47,road,51.98,0 days 02:01:23,25.7,847.0,419.0,124.0,249.0,"17,6"
100,2020-11-08 15:59:39,mountain,27.64,0 days 01:39:57,16.6,609.0,366.0,118.0,260.0,"17,5"
101,2020-11-05 10:39:05,road,39.76,0 days 01:31:02,26.2,712.0,469.0,124.0,204.0,"16,6"
102,2020-11-03 10:58:46,mountain,38.06,0 days 01:39:41,22.9,968.0,583.0,141.0,483.0,"20,4"
103,2020-11-02 11:49:58,road,24.31,0 days 00:48:10,30.3,463.0,577.0,130.0,136.0,"22,4"
104,2020-10-31 11:21:22,road,44.15,0 days 01:34:38,28.0,872.0,553.0,135.0,426.0,"20,7"
105,2020-10-29 10:47:27,road,50.41,0 days 01:44:12,29.0,831.0,478.0,124.0,251.0,"18,7"
106,2020-10-27 10:49:19,road,52.36,0 days 01:53:24,27.7,997.0,528.0,127.0,270.0,"16,0"
107,2020-10-26 09:38:39,road,50.75,0 days 01:54:25,26.6,889.0,466.0,123.0,263.0,"15,4"
108,2020-10-25 10:48:52,road,46.16,0 days 01:44:47,26.4,916.0,524.0,136.0,540.0,"20,1"
109,2020-10-24 10:16:13,road,76.79,0 days 03:16:48,23.4,1.701,519.0,133.0,1.211,"18,0"
110,2020-10-23 10:07:02,road,67.34,0 days 02:28:57,27.1,1.141,460.0,128.0,308.0,"19,8"
111,2020-10-21 09:58:44,road,35.88,0 days 01:23:37,25.7,727.0,522.0,130.0,395.0,"20,5"
113,2020-10-18 11:57:29,road,54.5,0 days 02:03:09,26.6,1.083,528.0,137.0,683.0,"18,7"
114,2020-10-17 12:09:10,road,28.0,0 days 01:02:36,26.8,601.0,576.0,136.0,385.0,"17,2"
115,2020-10-15 11:49:02,road,20.21,0 days 00:44:32,27.2,479.0,645.0,137.0,164.0,"14,3"
116,2020-10-12 16:26:35,mountain,25.81,0 days 01:47:59,14.3,711.0,395.0,119.0,384.0,"19,2"
117,2020-10-11 10:46:16,mountain,45.18,0 days 02:30:06,18.1,1.45,580.0,140.0,954.0,"16,4"
118,2020-10-10 18:01:30,mountain,6.49,0 days 00:18:09,21.5,191.0,631.0,132.0,53.0,"17,8"
119,2020-10-08 10:20:47,mountain,25.8,0 days 01:23:37,18.5,779.0,559.0,136.0,422.0,"20,0"
120,2020-10-07 10:28:32,road,52.11,0 days 01:51:39,28.0,1.039,558.0,134.0,479.0,"22,4"
121,2020-10-05 09:37:40,road,23.01,0 days 00:57:14,24.1,458.0,480.0,121.0,207.0,"13,3"
122,2020-10-04 10:30:22,mountain,42.57,0 days 02:18:44,18.4,1.347,583.0,142.0,857.0,"17,4"
123,2020-10-01 08:15:18,road,64.82,0 days 02:36:41,24.8,1.316,504.0,132.0,802.0,"19,1"
124,2020-09-30 10:54:28,mountain,36.05,0 days 01:39:50,21.7,952.0,572.0,139.0,465.0,"21,4"
125,2020-09-28 11:35:07,road,21.98,0 days 01:05:00,20.3,414.0,382.0,111.0,164.0,"19,6"
126,2020-09-27 07:34:19,road,144.03,0 days 05:04:35,28.4,2.703,532.0,142.0,1.83,"12,8"
127,2020-09-24 10:50:41,mountain,20.62,0 days 01:24:02,14.7,530.0,378.0,118.0,301.0,"24,7"
128,2020-09-23 10:54:35,mountain,33.7,0 days 01:51:22,18.2,890.0,480.0,130.0,646.0,"24,6"
129,2020-09-22 08:11:16,road,48.42,0 days 02:19:16,20.9,1.176,507.0,132.0,747.0,"20,3"
130,2020-09-20 08:07:18,road,81.12,0 days 03:15:51,24.9,1.771,543.0,138.0,1.353,"21,3"
131,2020-09-19 18:59:22,mountain,19.45,0 days 00:51:10,22.8,564.0,661.0,148.0,241.0,"23,7"
132,2020-09-18 11:20:58,road,42.2,0 days 01:37:13,26.0,752.0,464.0,127.0,460.0,"27,3"
133,2020-09-17 10:28:45,road,66.91,0 days 02:17:25,29.2,1.107,483.0,131.0,274.0,"28,9"
134,2020-09-16 08:11:59,mountain,52.68,0 days 02:39:49,19.8,1.435,539.0,140.0,852.0,"24,6"
135,2020-09-15 08:06:35,mountain,35.51,0 days 02:09:11,16.5,638.0,296.0,108.0,312.0,"24,7"
136,2020-09-13 10:28:00,road,72.16,0 days 02:33:26,28.2,1.275,499.0,135.0,383.0,"29,2"
137,2020-09-12 14:29:05,road,32.39,0 days 01:31:31,21.2,816.0,535.0,137.0,366.0,"29,6"
138,2020-09-11 10:28:37,mountain,52.8,0 days 02:16:33,23.2,1.313,577.0,142.0,563.0,"27,9"
139,2020-09-08 20:37:08,mountain,21.13,0 days 00:56:18,22.5,512.0,546.0,137.0,169.0,"22,4"
140,2020-09-03 07:41:08,road,27.75,0 days 01:01:41,27.0,511.0,497.0,130.0,199.0,"17,7"
141,2020-09-01 07:30:27,road,28.14,0 days 01:05:50,25.6,513.0,468.0,125.0,203.0,"16,9"
142,2020-08-30 09:03:17,road,125.17,0 days 04:43:34,26.5,2.282,483.0,131.0,1.496,"19,8"
143,2020-08-29 09:10:10,road,114.13,0 days 04:24:41,25.9,2.32,526.0,137.0,1.473,"19,2"
144,2020-08-23 10:43:49,road,68.54,0 days 02:24:17,28.5,1.343,558.0,138.0,570.0,"25,4"
145,2020-08-22 09:36:49,road,74.08,0 days 02:29:55,29.6,1.476,591.0,142.0,387.0,"27,9"
146,2020-08-19 07:03:05,road,33.42,0 days 01:15:43,26.5,613.0,486.0,122.0,225.0,"21,5"
147,2020-08-15 09:30:51,road,52.15,0 days 01:51:59,27.9,961.0,515.0,132.0,490.0,"26,7"
148,2020-08-14 09:35:07,road,51.04,0 days 01:46:04,28.9,848.0,480.0,128.0,239.0,"27,7"
149,2020-08-13 11:02:08,road,46.85,0 days 01:42:46,27.4,837.0,489.0,128.0,254.0,"30,3"
150,2020-08-12 08:02:32,road,100.18,0 days 03:12:06,31.3,1.714,535.0,136.0,594.0,"26,5"
151,2020-08-10 07:32:16,road,102.98,0 days 04:41:32,21.9,2.548,543.0,140.0,2.006,"26,6"
152,2020-08-08 09:49:22,road,70.21,0 days 02:40:32,26.2,1.257,470.0,129.0,635.0,"28,5"
153,2020-08-07 18:22:44,road,31.62,0 days 01:11:38,26.5,618.0,518.0,134.0,240.0,"29,7"
154,2020-08-07 11:25:28,road,27.99,0 days 01:01:26,27.3,587.0,573.0,140.0,372.0,"30,6"
155,2020-08-06 10:26:59,road,56.87,0 days 02:07:38,26.7,1.037,487.0,128.0,261.0,"29,1"
156,2020-08-05 09:03:53,road,74.91,0 days 03:13:17,23.3,1.592,494.0,132.0,1.212,"25,9"
157,2020-08-02 06:59:39,road,58.97,0 days 02:16:01,26.0,1.153,509.0,136.0,761.0,"23,6"
158,2020-08-01 10:10:33,road,51.36,0 days 02:00:19,25.6,1.079,538.0,139.0,427.0,"31,2"
159,2020-07-30 07:24:48,road,30.62,0 days 01:07:54,27.1,616.0,544.0,135.0,238.0,"23,6"
160,2020-07-28 07:32:07,road,30.17,0 days 01:06:39,27.2,603.0,543.0,133.0,235.0,"23,0"
161,2020-07-26 09:59:57,road,76.92,0 days 02:59:06,25.8,1.585,531.0,136.0,654.0,"29,5"
162,2020-07-25 08:23:01,road,84.65,0 days 03:05:18,27.4,1.622,525.0,134.0,397.0,"25,3"
163,2020-07-22 10:13:41,road,51.49,0 days 01:49:48,28.1,1.063,581.0,136.0,246.0,"28,6"
164,2020-07-21 07:21:22,road,34.83,0 days 01:18:16,26.7,650.0,498.0,130.0,296.0,"22,1"
165,2020-07-18 08:12:10,road,20.12,0 days 00:45:05,26.8,429.0,571.0,133.0,161.0,"22,4"
166,2020-07-16 07:43:09,road,29.34,0 days 01:05:36,26.8,626.0,573.0,136.0,229.0,"19,6"
167,2020-07-14 07:25:32,road,31.81,0 days 01:07:17,28.4,638.0,569.0,136.0,196.0,"22,1"
168,2020-07-12 10:01:21,road,68.93,0 days 02:33:53,26.9,1.184,462.0,127.0,322.0,"27,8"
169,2020-07-11 09:14:41,road,68.04,0 days 02:24:03,28.3,1.312,546.0,136.0,314.0,"27,9"
171,2020-07-08 06:41:38,road,31.56,0 days 01:11:09,26.6,542.0,457.0,120.0,167.0,"20,4"
172,2020-07-06 06:42:48,road,26.16,0 days 01:01:28,25.5,449.0,438.0,118.0,142.0,"22,2"
173,2020-06-28 08:48:27,road,105.12,0 days 03:38:15,28.9,1.8,495.0,133.0,650.0,"27,2"
174,2020-06-27 08:18:04,road,42.29,0 days 01:30:26,28.1,933.0,619.0,140.0,531.0,"25,1"
175,2020-06-24 10:12:59,road,52.01,0 days 01:58:28,26.3,1.029,521.0,130.0,451.0,"25,8"
176,2020-06-21 07:04:36,road,204.64,0 days 07:30:46,27.2,4.053,539.0,136.0,1.409,"25,2"
177,2020-06-14 10:24:23,road,64.06,0 days 02:17:51,27.9,1.271,553.0,136.0,656.0,"23,4"
178,2020-06-13 09:21:47,road,65.68,0 days 02:28:57,26.5,1.335,538.0,130.0,755.0,"22,3"
179,2020-06-12 09:42:57,road,50.65,0 days 01:51:16,27.3,938.0,506.0,125.0,432.0,"21,8"
180,2020-06-11 16:00:23,road,26.35,0 days 01:00:01,26.3,534.0,534.0,127.0,68.0,"20,7"
181,2020-06-10 08:08:53,road,90.1,0 days 03:16:21,27.5,1.452,444.0,125.0,631.0,"18,0"
182,2020-06-08 07:10:05,road,54.02,0 days 01:54:13,28.4,1.048,551.0,128.0,473.0,"14,9"
183,2020-06-06 09:08:10,road,59.04,0 days 01:56:09,30.5,939.0,485.0,125.0,309.0,"20,6"
184,2020-06-05 06:16:52,road,104.47,0 days 03:59:25,26.2,2.18,546.0,130.0,1.367,"16,6"
185,2020-06-03 07:31:56,road,101.43,0 days 04:12:00,24.1,2.462,586.0,135.0,1.825,"22,0"
186,2020-06-02 07:50:09,road,69.04,0 days 02:26:11,28.3,1.187,487.0,131.0,591.0,"18,5"
187,2020-06-01 08:32:12,road,50.39,0 days 01:44:17,29.0,872.0,502.0,127.0,243.0,"19,5"
188,2020-05-31 06:48:07,road,93.0,0 days 03:26:10,27.1,2.066,601.0,138.0,1.29,"19,0"
189,2020-05-30 08:40:36,road,51.56,0 days 01:47:54,28.7,1.049,583.0,137.0,454.0,"20,6"
190,2020-05-27 06:37:04,road,70.1,0 days 02:48:01,25.0,1.67,596.0,135.0,1.112,"19,4"
191,2020-05-26 06:41:12,road,92.43,0 days 03:19:03,27.9,1.911,576.0,139.0,1.155,"20,6"
192,2020-05-25 06:51:59,road,59.19,0 days 02:01:38,29.2,1.444,712.0,145.0,588.0,"18,4"
193,2020-05-23 08:12:16,road,51.12,0 days 01:43:59,29.5,1.129,651.0,141.0,438.0,"21,9"
194,2020-05-22 08:15:50,road,52.44,0 days 02:11:25,23.9,1.284,586.0,134.0,1.034,"22,8"
195,2020-05-21 08:15:44,road,40.24,0 days 01:33:47,25.7,929.0,594.0,137.0,489.0,"22,2"
196,2020-05-20 07:37:18,mountain,37.17,0 days 01:51:37,20.0,1.0,538.0,132.0,568.0,"20,4"
197,2020-05-20 07:32:04,mountain,0.08,0 days 00:00:26,11.5,2.0,277.0,98.0,0.0,"18,5"
198,2020-05-19 20:17:44,road,5.11,0 days 00:13:15,23.1,165.0,747.0,137.0,78.0,"23,7"
199,2020-05-19 08:11:25,road,51.22,0 days 01:53:57,27.0,960.0,505.0,129.0,486.0,"19,3"
200,2020-05-17 08:18:21,road,61.0,0 days 02:16:20,26.8,1.203,529.0,133.0,611.0,"16,4"
201,2020-05-15 08:58:23,road,26.26,0 days 01:04:13,24.5,540.0,505.0,123.0,259.0,"16,5"
202,2020-05-14 08:11:00,road,51.21,0 days 01:51:12,27.6,1.058,571.0,134.0,438.0,"16,6"
203,2020-05-12 19:57:46,mountain,28.07,0 days 01:31:40,18.4,801.0,524.0,131.0,419.0,"17,5"
204,2020-05-12 09:05:11,road,20.98,0 days 00:45:08,27.9,532.0,707.0,144.0,230.0,"15,3"
205,2020-05-11 20:32:46,mountain,10.13,0 days 00:33:25,18.2,430.0,772.0,146.0,192.0,"19,8"
206,2020-05-09 20:22:03,mountain,31.58,0 days 01:37:46,19.4,815.0,500.0,130.0,457.0,"18,4"
207,2020-05-09 07:00:13,road,41.55,0 days 01:36:51,25.7,827.0,512.0,130.0,438.0,"14,9"
208,2020-05-08 09:07:10,road,22.51,0 days 00:54:09,24.9,461.0,511.0,128.0,213.0,"20,1"
209,2020-05-07 19:55:21,mountain,31.79,0 days 01:40:41,18.9,818.0,487.0,133.0,410.0,"18,7"
210,2020-05-07 08:00:02,mountain,41.52,0 days 01:53:58,21.9,1.2,632.0,148.0,562.0,"19,6"
211,2020-05-05 08:14:03,mountain,21.12,0 days 01:07:55,18.7,615.0,543.0,134.0,303.0,"19,7"
212,2020-05-04 08:51:07,road,27.02,0 days 01:04:25,25.2,557.0,519.0,131.0,290.0,"18,0"
213,2020-05-03 20:58:46,mountain,16.82,0 days 00:47:42,21.2,518.0,652.0,146.0,199.0,"18,3"
214,2020-05-03 07:59:43,mountain,30.84,0 days 01:27:19,21.2,770.0,529.0,136.0,409.0,"18,0"
215,2020-05-02 08:12:21,mountain,33.85,0 days 01:36:44,21.0,1.093,678.0,153.0,415.0,"17,6"
216,2020-04-29 12:51:04,indoor,5.21,0 days 00:10:20,30.3,75.0,435.0,124.0,14.0,"11,7"
217,2020-04-29 11:30:27,indoor,13.95,0 days 00:25:20,33.0,231.0,547.0,126.0,53.0,"28,5"
218,2020-04-28 11:12:31,indoor,12.55,0 days 00:19:57,37.7,253.0,761.0,141.0,32.0,"26,2"
219,2020-04-27 12:46:43,indoor,8.05,0 days 00:15:12,31.8,105.0,414.0,126.0,12.0,"25,9"
220,2020-04-27 11:11:22,indoor,23.05,0 days 00:40:19,34.3,378.0,562.0,130.0,37.0,"26,1"
221,2020-04-24 12:46:09,indoor,8.28,0 days 00:15:13,32.6,123.0,485.0,125.0,12.0,"26,1"
222,2020-04-24 11:31:50,indoor,15.57,0 days 00:25:43,36.3,271.0,632.0,128.0,40.0,"26,3"
223,2020-04-23 12:04:16,indoor,30.07,0 days 00:50:53,35.5,558.0,658.0,138.0,114.0,"28,3"
224,2020-04-22 12:44:57,indoor,8.6,0 days 00:15:14,33.9,134.0,528.0,135.0,12.0,"26,6"
225,2020-04-22 11:20:12,indoor,18.19,0 days 00:30:21,36.0,317.0,627.0,134.0,57.0,"26,7"
226,2020-04-22 11:19:42,indoor,11.1,0 days 00:30:07,22.1,316.0,629.0,134.0,2.0,"17,8"
227,2020-04-21 19:17:48,indoor,18.48,0 days 00:30:09,36.8,334.0,665.0,131.0,58.0,"26,0"
228,2020-04-20 12:43:26,indoor,6.24,0 days 00:17:25,21.5,123.0,424.0,120.0,112.0,"12,5"
229,2020-04-20 11:17:10,indoor,11.29,0 days 00:20:16,33.4,199.0,589.0,129.0,64.0,"28,4"
230,2020-04-17 11:47:24,indoor,21.9,0 days 00:48:17,27.2,397.0,493.0,125.0,60.0,"26,8"
231,2020-04-16 12:37:14,indoor,10.77,0 days 00:20:12,32.0,167.0,496.0,124.0,29.0,"26,1"
232,2020-04-16 11:08:52,indoor,13.11,0 days 00:25:15,31.1,256.0,608.0,127.0,50.0,"27,7"
233,2020-04-14 11:41:41,indoor,41.1,0 days 01:19:12,31.1,790.0,598.0,132.0,332.0,"26,8"
234,2020-04-13 12:31:32,indoor,11.09,0 days 00:20:22,32.7,182.0,536.0,125.0,46.0,"28,1"
235,2020-04-13 11:15:27,indoor,11.9,0 days 00:20:23,35.0,206.0,606.0,126.0,65.0,"28,5"
236,2020-04-11 12:31:13,indoor,17.14,0 days 00:30:18,33.9,273.0,541.0,127.0,53.0,"25,4"
237,2020-04-11 11:15:13,indoor,18.29,0 days 00:30:22,36.1,309.0,611.0,125.0,58.0,"25,8"
238,2020-04-10 12:13:26,indoor,29.1,0 days 00:50:37,34.5,475.0,563.0,125.0,84.0,"26,0"
239,2020-04-09 10:20:46,indoor,58.74,0 days 02:10:32,27.0,1.241,570.0,134.0,715.0,"28,3"
240,2020-04-08 12:07:09,indoor,20.1,0 days 00:34:24,35.0,356.0,621.0,130.0,59.0,"26,4"
241,2020-04-08 10:27:25,indoor,20.12,0 days 00:34:44,34.8,354.0,612.0,128.0,59.0,"26,6"
242,2020-04-07 11:11:17,indoor,53.1,0 days 01:49:49,29.0,1.084,592.0,134.0,582.0,"27,0"
243,2020-04-06 12:03:19,indoor,13.26,0 days 00:22:47,34.9,229.0,603.0,132.0,50.0,"28,8"
244,2020-04-06 10:48:57,indoor,13.08,0 days 00:22:26,35.0,244.0,653.0,131.0,50.0,"29,2"
245,2020-04-04 11:33:10,indoor,53.68,0 days 01:48:01,29.8,1.15,639.0,136.0,692.0,"28,4"
246,2020-04-03 13:03:23,indoor,14.19,0 days 00:25:38,33.2,248.0,580.0,133.0,54.0,"28,6"
247,2020-04-03 11:39:19,indoor,15.65,0 days 00:30:54,30.4,314.0,610.0,129.0,176.0,"28,9"
248,2020-04-02 11:10:21,indoor,53.05,0 days 01:43:50,30.7,1.13,653.0,141.0,582.0,"27,5"
249,2020-04-01 13:02:40,indoor,9.17,0 days 00:15:24,35.7,187.0,729.0,131.0,47.0,"28,0"
250,2020-04-01 11:41:13,indoor,3.67,0 days 00:08:11,26.9,73.0,535.0,96.0,4.0,"28,0"
251,2020-03-31 16:04:52,indoor,30.2,0 days 01:02:16,29.1,700.0,674.0,138.0,276.0,"26,0"
252,2020-03-31 11:21:52,indoor,4.5,0 days 00:09:42,27.9,92.0,569.0,113.0,6.0,"25,9"
253,2020-03-30 13:03:31,indoor,6.61,0 days 00:13:05,30.3,170.0,780.0,134.0,87.0,"27,2"
254,2020-03-30 12:04:38,indoor,5.47,0 days 00:17:40,18.6,122.0,414.0,101.0,51.0,"27,8"
255,2020-03-29 14:22:31,indoor,13.21,0 days 00:22:48,34.8,241.0,634.0,129.0,50.0,"24,9"
256,2020-03-29 12:59:05,indoor,9.28,0 days 00:15:18,36.4,189.0,741.0,130.0,46.0,"25,4"
257,2020-03-29 12:38:29,indoor,3.95,0 days 00:08:10,29.0,82.0,602.0,121.0,11.0,"25,3"
258,2020-03-29 12:38:25,indoor,17.51,0 days 01:01:05,17.2,498.0,489.0,117.0,0.0,"16,8"
259,2020-03-27 17:10:50,indoor,42.08,0 days 01:19:32,31.7,832.0,628.0,139.0,333.0,"26,2"
260,2020-03-27 11:40:32,indoor,9.47,0 days 00:22:09,25.6,187.0,506.0,122.0,15.0,"27,3"
261,2020-03-26 13:02:16,indoor,8.34,0 days 00:15:12,32.9,150.0,592.0,132.0,41.0,"28,0"
262,2020-03-26 12:48:05,indoor,7.1,0 days 00:12:12,34.9,124.0,610.0,133.0,19.0,"12,5"
263,2020-03-26 12:26:03,indoor,12.22,0 days 00:20:44,35.4,217.0,628.0,128.0,32.0,"12,4"
264,2020-03-25 11:57:44,indoor,13.15,0 days 00:23:38,33.4,223.0,566.0,135.0,50.0,"28,8"
265,2020-03-25 10:37:38,indoor,13.69,0 days 00:25:34,32.1,238.0,559.0,131.0,53.0,"28,8"
266,2020-03-24 09:58:26,indoor,29.93,0 days 01:07:51,26.5,749.0,662.0,145.0,682.0,"28,0"
267,2020-03-23 12:27:27,indoor,10.67,0 days 00:20:37,31.1,166.0,483.0,129.0,49.0,"24,8"
268,2020-03-23 11:00:56,indoor,10.76,0 days 00:20:35,31.4,186.0,542.0,130.0,46.0,"26,2"
269,2020-03-22 12:16:03,indoor,42.27,0 days 01:25:32,29.7,738.0,518.0,134.0,333.0,"26,7"
270,2020-03-20 18:49:41,indoor,13.16,0 days 00:26:21,30.0,201.0,458.0,129.0,50.0,"28,2"
271,2020-03-20 17:43:47,indoor,7.79,0 days 00:20:34,22.7,138.0,403.0,121.0,103.0,"6,5"
272,2020-03-19 12:06:08,indoor,22.91,0 days 01:08:41,20.0,520.0,454.0,115.0,378.0,"6,1"
273,2020-03-17 17:46:38,indoor,30.33,0 days 01:00:30,30.1,605.0,600.0,137.0,301.0,"28,0"
274,2020-03-16 12:15:58,indoor,24.13,0 days 00:46:20,31.2,493.0,638.0,145.0,241.0,"28,9"
275,2020-03-16 11:07:07,indoor,8.65,0 days 00:15:22,33.8,138.0,539.0,131.0,30.0,"8,0"
276,2020-03-15 17:29:35,indoor,6.37,0 days 00:10:40,35.8,124.0,697.0,135.0,22.0,"9,1"
277,2020-03-14 17:03:00,road,20.02,0 days 00:44:36,26.9,421.0,566.0,130.0,158.0,"14,9"
278,2020-03-12 13:38:54,road,35.56,0 days 01:16:27,27.9,868.0,681.0,141.0,390.0,"17,6"
279,2020-03-11 13:38:27,road,46.25,0 days 01:36:11,28.9,955.0,596.0,136.0,216.0,"17,2"
280,2020-03-10 13:36:41,road,45.41,0 days 01:40:21,27.2,932.0,557.0,134.0,673.0,"16,2"
281,2020-03-08 09:38:31,road,76.58,0 days 03:02:57,25.1,1.714,562.0,137.0,1.24,"14,2"
282,2020-03-07 10:58:17,road,56.69,0 days 01:58:13,28.8,1.075,546.0,135.0,312.0,"13,5"
283,2020-03-06 13:37:47,road,18.38,0 days 00:45:15,24.4,515.0,683.0,141.0,281.0,"15,4"
284,2020-03-05 09:44:33,road,59.77,0 days 02:30:23,23.8,1.362,543.0,133.0,716.0,"17,0"
285,2020-03-04 13:37:47,road,16.11,0 days 00:39:54,24.2,446.0,671.0,139.0,296.0,"16,1"
286,2020-03-01 10:38:50,road,57.92,0 days 02:13:29,26.0,1.307,588.0,143.0,714.0,"15,8"
287,2020-02-29 13:58:58,road,55.42,0 days 02:04:19,26.7,1.023,494.0,130.0,402.0,"18,8"
288,2020-02-28 13:38:46,road,35.54,0 days 01:18:32,27.2,873.0,667.0,139.0,380.0,"14,9"
289,2020-02-27 13:38:05,road,38.93,0 days 01:31:24,25.6,847.0,556.0,138.0,523.0,"18,0"
290,2020-02-25 13:39:07,road,51.67,0 days 01:52:52,27.5,984.0,523.0,134.0,230.0,"15,2"
291,2020-02-23 10:33:17,road,60.45,0 days 02:14:25,27.0,1.313,586.0,137.0,597.0,"18,0"
292,2020-02-22 08:12:10,mountain,42.28,0 days 02:28:05,17.1,1.504,609.0,137.0,783.0,"12,0"
293,2020-02-20 13:36:59,road,43.8,0 days 01:44:54,25.1,929.0,531.0,134.0,475.0,"16,3"
294,2020-02-18 09:33:55,road,54.77,0 days 02:11:52,24.9,1.244,566.0,136.0,898.0,"10,5"
295,2020-02-17 13:37:16,road,35.54,0 days 01:18:47,27.1,873.0,665.0,143.0,388.0,"16,6"
296,2020-02-15 14:11:29,road,31.36,0 days 01:14:44,25.2,577.0,463.0,125.0,231.0,"16,0"
297,2020-02-14 13:39:05,road,36.64,0 days 01:27:18,25.2,824.0,566.0,133.0,395.0,"15,7"
298,2020-02-13 13:37:24,road,38.64,0 days 01:32:46,25.0,676.0,437.0,122.0,265.0,"16,4"
299,2020-02-09 06:43:21,road,163.09,0 days 06:15:19,26.1,3.181,509.0,137.0,1.156,"12,0"
300,2020-02-08 10:05:04,road,77.01,0 days 02:50:33,27.1,1.608,566.0,141.0,676.0,"12,1"
301,2020-02-07 13:48:30,road,40.1,0 days 01:22:49,29.1,882.0,639.0,143.0,190.0,"14,2"
302,2020-02-04 13:37:25,road,42.92,0 days 01:24:27,30.5,850.0,604.0,140.0,186.0,"17,2"
303,2020-02-02 09:56:14,road,123.78,0 days 04:43:25,26.2,2.289,485.0,132.0,809.0,"18,4"
304,2020-02-01 14:03:24,road,50.23,0 days 01:40:38,29.9,1.044,622.0,143.0,223.0,"16,7"
305,2020-01-31 13:40:58,road,43.1,0 days 01:28:34,29.2,1.003,679.0,146.0,194.0,"17,7"
306,2020-01-30 13:41:49,road,44.79,0 days 01:31:33,29.4,986.0,646.0,145.0,213.0,"15,8"
307,2020-01-28 13:39:19,road,33.19,0 days 01:07:23,29.6,725.0,646.0,143.0,82.0,"16,7"
308,2020-01-26 09:27:29,road,121.85,0 days 04:36:57,26.4,2.317,502.0,137.0,833.0,"13,2"
309,2020-01-25 10:09:34,road,74.28,0 days 02:39:57,27.9,1.609,604.0,141.0,428.0,"12,3"
311,2020-01-19 11:41:52,mountain,31.48,0 days 01:40:55,18.7,774.0,460.0,129.0,402.0,"10,7"
312,2020-01-18 13:46:25,road,61.54,0 days 02:12:48,27.8,1.335,603.0,141.0,302.0,"14,5"
313,2020-01-15 13:38:39,road,47.96,0 days 01:40:16,28.7,902.0,540.0,136.0,96.0,"14,4"
314,2020-01-13 13:38:39,road,36.17,0 days 01:22:51,26.2,719.0,521.0,135.0,124.0,"11,4"
315,2020-01-12 10:15:31,road,121.62,0 days 04:40:41,26.0,2.265,484.0,135.0,846.0,"12,0"
316,2020-01-11 11:18:28,road,58.6,0 days 02:03:59,28.4,1.223,592.0,139.0,296.0,"12,0"
317,2020-01-09 13:37:43,road,42.01,0 days 01:34:12,26.8,863.0,550.0,137.0,194.0,"14,2"
318,2020-01-06 10:10:13,road,55.42,0 days 02:04:51,26.6,1.12,538.0,136.0,347.0,"9,4"
319,2020-01-05 10:06:09,road,101.11,0 days 03:39:04,27.7,1.809,495.0,134.0,658.0,"12,8"
320,2020-01-04 15:10:48,road,26.74,0 days 01:00:15,26.6,619.0,616.0,139.0,161.0,"13,2"
321,2020-01-02 07:23:24,road,24.59,0 days 00:58:43,25.1,559.0,571.0,135.0,126.0,"4,2"
322,2020-01-01 10:59:51,road,41.09,0 days 01:31:44,26.9,826.0,540.0,134.0,249.0,"10,6"
323,2019-12-31 15:37:24,road,24.25,0 days 00:56:36,25.7,564.0,598.0,138.0,140.0,"12,6"
324,2019-12-29 10:09:32,road,82.28,0 days 03:10:32,25.9,1.609,507.0,136.0,519.0,"10,8"
325,2019-12-28 10:43:31,road,48.33,0 days 01:54:22,25.4,919.0,482.0,129.0,317.0,"12,5"
326,2019-12-26 10:59:29,road,54.82,0 days 02:01:40,27.0,1.075,530.0,136.0,264.0,"14,6"
327,2019-12-25 10:11:39,road,54.64,0 days 02:00:26,27.2,1.066,531.0,135.0,292.0,"13,7"
328,2019-12-24 16:08:25,road,24.07,0 days 00:55:06,26.2,562.0,612.0,139.0,143.0,"15,1"
329,2019-12-19 13:38:28,road,37.41,0 days 01:31:23,24.6,777.0,510.0,133.0,168.0,"15,3"
331,2019-12-17 08:10:18,road,17.25,0 days 00:42:35,24.3,361.0,509.0,128.0,109.0,"12,5"
332,2019-12-15 11:08:06,road,68.39,0 days 02:45:32,24.8,1.247,452.0,129.0,343.0,"15,1"
333,2019-12-14 10:04:40,road,50.91,0 days 02:00:15,25.4,992.0,495.0,130.0,284.0,"13,7"
334,2019-12-12 11:08:22,road,42.61,0 days 01:46:41,24.0,748.0,421.0,124.0,336.0,"9,8"
335,2019-12-09 10:43:16,road,34.7,0 days 01:33:24,22.3,704.0,452.0,124.0,292.0,"12,8"
336,2019-12-08 11:38:54,road,64.01,0 days 02:33:33,25.0,1.117,436.0,128.0,340.0,"14,3"
337,2019-12-06 11:45:46,road,36.21,0 days 01:27:51,24.7,659.0,450.0,128.0,230.0,"15,1"
338,2019-12-03 15:39:11,road,34.72,0 days 01:28:40,23.5,697.0,472.0,128.0,225.0,"12,2"
339,2019-12-02 10:26:29,road,43.64,0 days 01:46:08,24.7,806.0,456.0,129.0,259.0,"11,6"
340,2019-11-30 10:52:18,road,56.21,0 days 02:12:41,25.4,984.0,445.0,128.0,351.0,"15,9"
341,2019-11-28 11:15:27,road,31.67,0 days 01:14:52,25.4,566.0,454.0,125.0,183.0,"18,0"
342,2019-11-27 10:53:18,road,43.03,0 days 01:46:50,24.2,815.0,458.0,126.0,254.0,"18,6"
343,2019-11-25 10:36:05,road,37.77,0 days 01:31:30,24.8,677.0,444.0,126.0,235.0,"14,4"
344,2019-11-23 11:10:14,road,17.59,0 days 00:46:55,22.5,404.0,517.0,127.0,116.0,"15,8"
345,2019-11-10 10:34:16,mountain,49.6,0 days 02:35:47,19.1,1.42,547.0,139.0,839.0,"12,1"
346,2019-11-09 11:01:34,road,21.77,0 days 01:01:57,21.1,569.0,551.0,135.0,503.0,"14,0"
347,2019-11-06 10:23:06,road,20.36,0 days 00:49:52,24.5,419.0,504.0,127.0,162.0,"15,5"
348,2019-11-05 10:44:15,road,41.41,0 days 01:32:19,26.9,880.0,572.0,134.0,331.0,"16,9"
349,2019-11-02 11:11:00,mountain,9.32,0 days 00:27:26,20.4,227.0,496.0,121.0,64.0,"19,5"
350,2019-11-01 08:29:43,road,87.87,0 days 04:06:26,21.4,2.108,513.0,133.0,1.855,"18,1"
351,2019-10-29 10:22:29,mountain,31.11,0 days 01:20:54,23.1,735.0,545.0,132.0,317.0,"19,4"
352,2019-10-28 16:12:59,mountain,22.59,0 days 01:05:50,20.6,499.0,455.0,124.0,175.0,"19,2"
353,2019-10-27 09:31:18,road,83.12,0 days 03:41:00,22.6,1.81,491.0,135.0,1.398,"21,9"
354,2019-10-26 10:31:07,mountain,31.06,0 days 01:21:38,22.8,762.0,560.0,134.0,323.0,"17,7"
355,2019-10-23 11:40:22,road,17.2,0 days 00:45:39,22.6,386.0,507.0,124.0,312.0,"16,2"
356,2019-10-22 11:13:12,road,29.28,0 days 01:20:49,21.7,660.0,490.0,127.0,527.0,"16,7"
357,2019-10-18 12:03:26,road,15.78,0 days 00:40:37,23.3,351.0,518.0,126.0,273.0,"19,6"
358,2019-10-17 11:36:29,road,29.31,0 days 01:14:53,23.5,709.0,568.0,137.0,516.0,"22,9"
359,2019-10-16 17:30:20,road,17.69,0 days 00:45:43,23.2,472.0,619.0,142.0,361.0,"22,4"
360,2019-10-14 17:41:51,road,26.27,0 days 01:02:39,25.2,521.0,499.0,131.0,184.0,"22,4"
361,2019-10-13 16:22:12,road,53.34,0 days 01:53:52,28.1,1.003,529.0,135.0,346.0,"24,3"
362,2019-10-10 10:24:05,road,40.62,0 days 01:29:09,27.3,739.0,497.0,127.0,330.0,"19,2"
363,2019-10-08 18:19:35,road,19.67,0 days 00:43:29,27.1,426.0,588.0,137.0,150.0,"22,4"
364,2019-10-08 10:36:14,road,31.73,0 days 01:16:31,24.9,489.0,383.0,114.0,173.0,"20,5"
365,2019-10-04 08:30:20,road,60.28,0 days 02:25:32,24.9,1.135,468.0,128.0,656.0,"18,4"
366,2019-10-03 09:40:22,road,47.62,0 days 01:46:42,26.8,804.0,452.0,122.0,264.0,"19,4"
367,2019-10-02 09:34:02,road,57.09,0 days 02:03:35,27.7,1.099,534.0,131.0,387.0,"21,6"
368,2019-09-29 10:40:09,road,59.25,0 days 02:25:10,24.5,1.261,521.0,134.0,719.0,"26,1"
369,2019-09-28 09:12:04,road,59.19,0 days 01:47:11,33.1,1.059,593.0,139.0,279.0,"21,3"
370,2019-09-26 09:39:43,road,28.06,0 days 01:08:27,24.6,570.0,500.0,127.0,367.0,"19,4"
371,2019-09-25 09:30:36,road,55.74,0 days 02:19:07,24.0,1.269,547.0,133.0,872.0,"22,8"
372,2019-09-23 10:00:56,road,40.06,0 days 01:29:29,26.9,816.0,547.0,131.0,346.0,"21,0"
373,2019-09-19 10:25:09,road,40.46,0 days 01:26:19,28.1,755.0,525.0,127.0,216.0,"25,2"
374,2019-09-18 10:12:28,road,39.43,0 days 01:26:06,27.5,818.0,570.0,134.0,409.0,"27,0"
375,2019-09-16 17:45:41,road,36.37,0 days 01:27:53,24.8,820.0,560.0,138.0,559.0,"23,6"
376,2019-09-13 17:37:35,road,25.6,0 days 00:54:12,28.3,541.0,599.0,136.0,173.0,"27,2"
377,2019-09-13 07:37:51,mountain,18.05,0 days 01:13:34,14.7,634.0,517.0,131.0,343.0,"16,5"
378,2019-09-12 10:09:18,road,41.91,0 days 01:29:41,28.0,745.0,498.0,126.0,322.0,"25,5"
379,2019-09-11 17:50:03,road,24.78,0 days 00:55:03,27.0,560.0,610.0,138.0,334.0,"23,9"
380,2019-09-09 17:25:31,mountain,36.4,0 days 01:59:26,18.3,966.0,485.0,132.0,498.0,"23,8"
381,2019-09-08 17:35:08,mountain,33.12,0 days 01:46:41,18.6,956.0,538.0,138.0,580.0,"20,6"
382,2019-09-07 17:39:44,road,41.66,0 days 01:31:19,27.4,705.0,463.0,126.0,264.0,"23,3"
383,2019-09-06 17:12:39,mountain,24.07,0 days 01:19:48,18.1,706.0,531.0,135.0,343.0,"23,8"
384,2019-09-04 17:05:31,road,52.02,0 days 01:55:50,26.9,951.0,493.0,133.0,320.0,"27,4"
385,2019-09-03 18:40:22,road,30.51,0 days 01:06:12,27.7,645.0,585.0,138.0,331.0,"24,6"
386,2019-09-03 10:31:45,road,44.26,0 days 01:33:50,28.3,909.0,581.0,140.0,419.0,"24,8"
388,2019-08-28 09:32:07,road,100.18,0 days 03:32:45,28.3,1.881,530.0,138.0,629.0,"26,8"
389,2019-08-25 12:17:20,road,25.14,0 days 00:59:48,25.2,456.0,458.0,122.0,183.0,"31,1"
390,2019-08-23 08:06:06,road,89.74,0 days 02:47:16,32.2,1.587,569.0,140.0,589.0,"25,4"
391,2019-08-21 10:00:31,road,30.2,0 days 01:10:16,25.8,473.0,404.0,118.0,219.0,"24,9"
392,2019-08-20 06:05:41,road,163.17,0 days 05:43:47,28.5,2.737,478.0,134.0,1.06,"24,3"
393,2019-08-17 11:05:33,mountain,26.04,0 days 01:26:56,18.0,720.0,497.0,136.0,410.0,"30,1"
394,2019-08-15 08:12:44,mountain,41.61,0 days 02:39:33,15.6,1.476,555.0,135.0,849.0,"23,5"
395,2019-08-13 08:08:56,mountain,57.67,0 days 03:14:10,17.8,1.55,479.0,130.0,1.037,"21,0"
396,2019-08-07 10:53:09,road,47.45,0 days 01:40:56,28.2,1.083,644.0,146.0,527.0,"29,0"
397,2019-08-05 10:21:28,road,21.01,0 days 00:48:26,26.0,378.0,468.0,120.0,119.0,"30,2"
398,2019-08-04 10:12:11,road,86.87,0 days 04:05:25,21.2,2.383,583.0,143.0,1.649,"31,2"
399,2019-08-01 10:56:42,road,40.95,0 days 01:29:18,27.5,890.0,598.0,139.0,452.0,"28,6"
400,2019-07-30 10:06:54,road,51.49,0 days 01:46:11,29.1,982.0,555.0,133.0,343.0,"27,0"
401,2019-07-24 08:31:14,road,39.3,0 days 01:30:07,26.2,826.0,550.0,132.0,189.0,"25,9"
402,2019-07-23 07:57:05,road,157.79,0 days 07:04:04,22.3,3.49,494.0,131.0,1.329,"32,4"
403,2019-07-22 12:24:39,road,79.51,0 days 04:25:55,17.9,2.237,505.0,131.0,1.128,"35,5"
404,2019-07-21 10:14:39,road,60.62,0 days 02:10:12,27.9,1.293,596.0,140.0,575.0,"27,8"
405,2019-07-19 09:27:49,road,74.71,0 days 03:03:37,24.4,1.765,577.0,137.0,1.215,"26,4"
406,2019-07-17 10:09:31,road,46.79,0 days 01:49:27,25.7,1.034,567.0,136.0,619.0,"25,9"
407,2019-07-15 12:26:25,road,7.69,0 days 00:17:30,26.4,199.0,682.0,139.0,107.0,"27,2"
408,2019-07-14 10:30:24,road,53.19,0 days 01:59:56,26.6,1.275,638.0,140.0,674.0,"28,0"
409,2019-07-13 10:48:06,road,15.66,0 days 00:34:33,27.2,403.0,700.0,143.0,260.0,"29,6"
410,2019-07-11 10:46:23,road,32.34,0 days 01:22:39,23.5,822.0,597.0,137.0,605.0,"28,2"
411,2019-07-09 11:38:32,road,23.29,0 days 00:53:13,26.3,612.0,690.0,143.0,312.0,"26,7"
412,2019-07-07 10:33:58,road,52.26,0 days 01:54:15,27.4,1.251,657.0,144.0,459.0,"31,4"
413,2019-07-05 10:32:02,road,45.57,0 days 01:56:01,23.6,1.08,559.0,133.0,775.0,"30,6"
414,2019-07-03 09:17:05,road,62.77,0 days 02:20:59,26.7,1.273,542.0,137.0,610.0,"29,2"
415,2019-07-01 09:50:35,mountain,28.18,0 days 01:25:20,19.8,762.0,536.0,134.0,410.0,"28,6"
416,2019-06-28 10:05:50,road,45.1,0 days 01:33:25,29.0,1.096,704.0,147.0,281.0,"32,3"
417,2019-06-26 11:01:53,road,20.16,0 days 00:44:27,27.2,508.0,686.0,140.0,151.0,"33,8"
418,2019-06-23 09:39:41,road,56.79,0 days 03:17:05,17.3,1.995,607.0,136.0,1.514,"30,0"
419,2019-06-22 09:43:30,road,90.14,0 days 05:05:32,17.7,2.898,569.0,137.0,2.522,"21,6"
420,2019-06-20 09:19:37,road,56.03,0 days 02:45:25,20.3,1.519,551.0,133.0,1.111,"17,4"
421,2019-06-19 08:47:02,road,58.97,0 days 02:59:57,19.7,1.625,542.0,136.0,1.343,"24,0"
422,2019-06-18 08:25:41,road,83.53,0 days 03:59:58,20.9,2.289,572.0,139.0,1.734,"24,7"
423,2019-06-17 09:49:54,road,76.13,0 days 04:06:47,18.5,2.294,558.0,139.0,1.821,"26,7"
424,2019-06-14 11:56:43,mountain,13.96,0 days 00:51:41,16.2,488.0,567.0,139.0,305.0,"24,0"
425,2019-06-10 18:48:26,mountain,18.45,0 days 01:07:57,16.3,384.0,339.0,107.0,162.0,"22,8"
426,2019-06-09 08:33:33,road,86.21,0 days 02:51:48,30.1,1.756,613.0,151.0,1.167,"20,5"
427,2019-06-07 09:34:44,road,40.56,0 days 01:41:41,23.9,874.0,516.0,132.0,637.0,"20,5"
428,2019-06-06 11:16:10,road,20.41,0 days 00:47:14,25.9,391.0,497.0,125.0,169.0,"20,3"
429,2019-06-03 10:05:40,road,60.49,0 days 02:22:24,25.5,1.274,537.0,134.0,602.0,"23,8"
430,2019-05-31 10:16:44,road,45.24,0 days 01:54:54,23.6,915.0,478.0,126.0,570.0,"21,2"
431,2019-05-30 08:34:44,mountain,36.51,0 days 02:24:52,15.1,1.245,516.0,134.0,759.0,"18,3"
432,2019-05-28 10:20:59,road,43.67,0 days 01:37:39,26.8,811.0,498.0,132.0,502.0,"19,9"
433,2019-05-27 09:36:23,road,25.12,0 days 01:00:18,25.0,455.0,453.0,119.0,201.0,"19,8"
434,2019-05-26 09:11:45,road,86.31,0 days 03:22:10,25.6,1.672,496.0,132.0,1.075,"21,1"
435,2019-05-25 10:34:52,mountain,22.15,0 days 01:04:52,20.5,653.0,604.0,133.0,222.0,"17,9"
436,2019-05-23 09:53:15,road,53.77,0 days 02:07:11,25.4,1.179,556.0,138.0,701.0,"20,9"
437,2019-05-21 09:13:44,road,100.23,0 days 03:26:15,29.2,2.058,599.0,142.0,685.0,"18,7"
438,2019-05-15 09:54:13,road,52.72,0 days 02:04:40,25.4,1.186,571.0,139.0,941.0,"19,0"
439,2019-05-13 10:14:04,road,28.12,0 days 01:12:08,23.4,482.0,401.0,113.0,218.0,"18,5"
440,2019-05-12 08:02:27,road,99.25,0 days 02:58:52,33.3,2.111,708.0,155.0,1.2,"13,7"
441,2019-05-11 10:29:36,road,36.35,0 days 01:23:03,26.3,659.0,476.0,126.0,258.0,"19,2"
442,2019-05-07 10:34:03,road,33.7,0 days 01:17:42,26.0,763.0,589.0,137.0,504.0,"16,2"
443,2019-05-06 10:12:57,road,45.46,0 days 01:43:04,26.5,917.0,534.0,133.0,493.0,"14,6"
444,2019-05-04 09:31:03,road,38.95,0 days 01:28:16,26.5,945.0,642.0,144.0,715.0,"12,2"
445,2019-05-01 10:26:07,mountain,17.5,0 days 00:45:44,23.0,478.0,627.0,139.0,168.0,"19,3"
446,2019-04-30 17:58:55,mountain,19.51,0 days 01:02:45,18.7,630.0,602.0,144.0,345.0,"17,0"
447,2019-04-29 10:23:28,road,53.47,0 days 02:02:33,26.2,1.113,545.0,137.0,686.0,"16,0"
448,2019-04-27 09:30:31,road,88.4,0 days 03:09:24,28.0,2.1,665.0,160.0,1.64,"14,4"
449,2019-04-23 10:42:02,mountain,29.43,0 days 01:30:51,19.4,822.0,543.0,140.0,466.0,"15,3"
450,2019-04-20 10:52:52,road,20.01,0 days 00:46:09,26.0,388.0,504.0,127.0,175.0,"18,3"
451,2019-04-19 08:24:13,road,86.85,0 days 03:43:10,23.4,1.929,519.0,136.0,1.533,"17,4"
452,2019-04-18 10:40:53,road,20.16,0 days 00:40:51,29.6,454.0,667.0,144.0,164.0,"16,8"
453,2019-04-15 10:09:43,road,17.99,0 days 00:46:23,23.3,329.0,426.0,116.0,135.0,"15,0"
454,2019-04-14 08:07:33,road,91.07,0 days 03:36:49,25.2,2.207,611.0,148.0,1.791,"11,9"
455,2019-04-11 10:42:29,road,20.15,0 days 00:46:50,25.8,406.0,520.0,127.0,165.0,"15,4"
456,2019-04-09 10:41:45,road,39.83,0 days 01:30:48,26.3,805.0,532.0,135.0,530.0,"13,3"
457,2019-04-06 11:03:58,road,44.19,0 days 01:39:29,26.7,1.032,622.0,145.0,646.0,"13,1"
458,2019-04-02 11:25:44,road,26.15,0 days 01:03:20,24.8,520.0,493.0,126.0,221.0,"17,0"
459,2019-04-01 10:48:05,road,38.64,0 days 01:27:11,26.6,799.0,550.0,138.0,421.0,"17,0"
460,2019-03-29 08:16:00,road,75.56,0 days 03:00:27,25.1,1.698,565.0,137.0,978.0,"14,9"
461,2019-03-27 10:40:13,road,33.51,0 days 01:16:21,26.3,590.0,464.0,123.0,308.0,"15,6"
462,2019-03-26 10:28:42,mountain,33.77,0 days 01:36:31,21.0,860.0,535.0,135.0,480.0,"18,2"
463,2019-03-24 09:57:16,road,44.31,0 days 02:08:16,20.7,1.097,513.0,131.0,851.0,"16,8"
464,2019-03-23 09:48:36,road,71.7,0 days 03:28:00,20.7,1.863,537.0,134.0,1.636,"14,3"
465,2019-03-22 09:23:38,road,40.64,0 days 02:20:23,17.4,1.413,604.0,138.0,1.397,"8,2"
466,2019-03-21 15:29:13,road,35.96,0 days 01:35:48,22.5,701.0,439.0,120.0,492.0,"16,4"
467,2019-03-15 10:12:32,road,38.97,0 days 01:30:36,25.8,867.0,574.0,135.0,524.0,"16,0"
468,2019-03-14 11:15:53,mountain,18.3,0 days 00:46:07,23.8,529.0,688.0,145.0,157.0,"14,9"
469,2019-03-13 11:47:34,mountain,28.83,0 days 01:30:19,19.2,772.0,513.0,130.0,451.0,"9,7"
470,2019-03-09 08:30:53,road,72.16,0 days 02:54:11,24.9,1.459,503.0,129.0,1.067,"12,4"
471,2019-03-07 08:44:39,road,81.13,0 days 03:12:04,25.3,1.712,535.0,134.0,1.015,"15,0"
472,2019-03-05 09:48:25,road,50.13,0 days 01:53:02,26.6,1.021,542.0,136.0,693.0,"14,0"
473,2019-03-04 10:33:31,road,17.16,0 days 00:45:06,22.8,349.0,464.0,118.0,102.0,"20,6"
474,2019-03-03 10:14:40,road,76.58,0 days 02:59:36,25.6,1.717,574.0,145.0,1.259,"16,8"
475,2019-03-01 10:00:42,road,49.77,0 days 01:59:12,25.0,945.0,476.0,128.0,677.0,"15,4"
476,2019-02-28 10:15:38,road,32.87,0 days 01:21:31,24.2,688.0,506.0,133.0,569.0,"15,6"
477,2019-02-27 10:32:20,road,53.78,0 days 02:03:21,26.2,1.113,541.0,138.0,703.0,"17,7"
478,2019-02-25 10:07:00,road,81.08,0 days 03:07:52,25.9,1.484,474.0,135.0,1.145,"12,4"
479,2019-02-23 10:08:04,road,53.53,0 days 02:00:12,26.7,961.0,480.0,129.0,440.0,"15,0"
480,2019-02-22 17:36:46,road,27.81,0 days 00:57:20,29.1,613.0,642.0,149.0,281.0,"14,4"
481,2019-02-21 09:40:53,road,49.33,0 days 01:57:32,25.2,1.072,547.0,141.0,730.0,"7,8"
483,2019-02-17 10:37:00,road,72.12,0 days 02:49:49,25.5,1.557,550.0,142.0,956.0,"12,9"
484,2019-02-16 09:39:01,road,79.04,0 days 02:52:19,27.5,1.617,563.0,143.0,866.0,"11,5"
485,2019-02-15 09:34:11,road,79.78,0 days 02:59:47,26.6,1.727,576.0,143.0,735.0,"10,0"
486,2019-02-14 09:19:30,road,39.99,0 days 01:28:14,27.2,922.0,627.0,143.0,338.0,"6,3"
487,2019-02-12 10:35:06,road,40.18,0 days 01:27:24,27.6,911.0,625.0,142.0,327.0,"10,7"
488,2019-02-08 09:52:08,road,50.04,0 days 01:58:36,25.3,1.026,519.0,136.0,564.0,"10,8"
490,2019-02-06 10:01:39,road,2.2,0 days 00:04:43,28.0,40.0,508.0,117.0,3.0,"8,7"
491,2019-02-05 10:04:18,road,75.98,0 days 03:31:04,21.6,1.999,568.0,142.0,1.317,"12,5"
492,2019-02-04 10:21:41,road,50.65,0 days 01:59:52,25.4,1.035,518.0,134.0,401.0,"7,5"
493,2019-02-01 09:28:47,mountain,40.95,0 days 01:57:12,21.0,1.023,524.0,134.0,446.0,"11,0"
494,2019-01-30 09:47:13,road,41.72,0 days 01:37:23,25.7,832.0,513.0,132.0,350.0,"8,1"
495,2019-01-29 10:06:48,road,61.16,0 days 02:23:05,25.6,1.285,539.0,137.0,639.0,"6,7"
496,2019-01-27 10:07:48,road,100.57,0 days 03:43:24,27.0,1.894,509.0,139.0,689.0,"11,4"
497,2019-01-26 10:21:06,road,26.11,0 days 00:58:51,26.6,559.0,570.0,137.0,200.0,"10,5"
498,2019-01-24 10:49:48,road,25.24,0 days 00:55:34,27.2,580.0,626.0,142.0,199.0,"10,0"
499,2019-01-22 10:34:04,road,33.14,0 days 01:12:54,27.3,722.0,594.0,140.0,228.0,"5,5"
500,2019-01-21 10:23:17,road,60.13,0 days 02:16:27,26.4,1.255,552.0,141.0,604.0,"8,8"
501,2019-01-20 15:29:43,mountain,21.38,0 days 01:11:05,18.0,685.0,578.0,138.0,241.0,"9,7"
502,2019-01-19 10:51:27,road,28.97,0 days 01:03:01,27.6,652.0,621.0,140.0,217.0,"6,2"
503,2019-01-17 10:01:49,road,47.9,0 days 01:49:53,26.2,1.047,572.0,140.0,554.0,"9,7"
504,2019-01-16 10:20:37,road,55.13,0 days 02:10:12,25.4,989.0,456.0,131.0,417.0,"6,9"
505,2019-01-14 10:48:09,road,29.01,0 days 01:11:52,24.2,544.0,454.0,125.0,218.0,"10,2"
506,2019-01-13 10:03:27,road,100.48,0 days 03:51:30,26.0,1.993,517.0,138.0,706.0,"8,6"
507,2019-01-10 10:56:30,road,31.8,0 days 01:11:04,26.8,656.0,554.0,134.0,218.0,"10,8"
508,2019-01-08 10:41:01,road,56.23,0 days 02:09:28,26.1,1.102,511.0,134.0,396.0,"9,5"
509,2019-01-07 10:10:16,road,47.47,0 days 01:51:59,25.4,980.0,525.0,136.0,310.0,"8,4"
510,2019-01-05 10:25:21,mountain,17.74,0 days 00:57:59,18.4,413.0,427.0,120.0,170.0,"8,4"
511,2019-01-03 10:15:30,road,32.77,0 days 01:20:21,24.5,587.0,438.0,123.0,193.0,"6,2"
512,2019-01-01 10:45:19,road,45.87,0 days 01:55:30,23.8,797.0,414.0,121.0,314.0,"11,4"
513,2018-12-30 10:06:52,road,99.92,0 days 03:47:21,26.4,1.905,503.0,138.0,699.0,"9,8"
514,2018-12-26 10:22:37,road,71.05,0 days 02:41:19,26.4,1.468,546.0,137.0,624.0,"11,3"
515,2018-12-25 10:16:22,road,58.11,0 days 02:05:29,27.8,1.142,546.0,137.0,282.0,"11,3"
516,2018-12-22 10:11:12,road,39.99,0 days 01:32:00,26.1,804.0,524.0,136.0,264.0,"12,0"
517,2018-12-21 11:29:21,road,59.02,0 days 02:21:03,25.1,1.175,500.0,136.0,441.0,"15,2"
518,2018-12-19 09:33:06,road,53.99,0 days 02:04:55,25.9,1.098,527.0,135.0,347.0,"13,7"
519,2018-12-17 09:40:35,road,38.65,0 days 01:29:27,25.9,842.0,565.0,138.0,255.0,"8,9"
520,2018-12-14 10:37:35,road,25.73,0 days 01:04:56,23.8,437.0,404.0,116.0,162.0,"9,4"
521,2018-12-12 09:10:56,road,31.95,0 days 01:20:54,23.7,568.0,421.0,122.0,221.0,"8,5"
522,2018-12-10 09:24:20,road,38.69,0 days 01:33:55,24.7,719.0,459.0,127.0,253.0,"8,9"
523,2018-12-08 11:06:05,road,63.43,0 days 02:35:51,24.4,1.135,437.0,126.0,489.0,"13,3"
524,2018-12-07 09:13:42,road,48.15,0 days 01:48:48,26.6,876.0,483.0,129.0,269.0,"10,4"
525,2018-12-05 09:36:55,road,45.1,0 days 01:50:34,24.5,832.0,452.0,129.0,192.0,"12,7"
526,2018-12-03 09:37:43,road,33.17,0 days 01:18:31,25.3,636.0,486.0,129.0,195.0,"10,7"
527,2018-12-02 11:17:26,road,57.43,0 days 02:21:38,24.3,1.069,453.0,131.0,281.0,"15,9"
528,2018-12-02 11:03:48,road,4.25,0 days 00:09:49,26.0,90.0,550.0,124.0,18.0,"13,2"
529,2018-11-30 09:44:33,mountain,28.71,0 days 01:31:06,18.9,659.0,434.0,125.0,194.0,"11,8"
530,2018-11-28 11:27:57,road,37.25,0 days 01:30:33,24.7,674.0,447.0,125.0,225.0,"13,8"
531,2018-11-27 16:50:41,road,35.91,0 days 01:32:00,23.4,690.0,450.0,126.0,228.0,"12,0"
532,2018-11-25 11:13:53,road,55.97,0 days 02:20:54,23.8,1.081,460.0,132.0,313.0,"13,4"
533,2018-11-24 18:15:58,road,24.18,0 days 01:03:53,22.7,526.0,494.0,127.0,157.0,"9,9"
534,2018-11-22 10:11:13,road,37.43,0 days 01:31:21,24.6,717.0,471.0,128.0,218.0,"12,7"
535,2018-11-19 10:03:03,road,37.34,0 days 01:35:12,23.5,754.0,475.0,130.0,253.0,"13,0"
536,2018-11-06 18:08:35,mountain,25.75,0 days 01:21:09,19.0,810.0,599.0,139.0,389.0,"11,7"
537,2018-11-04 16:48:14,mountain,30.54,0 days 01:38:33,18.6,978.0,595.0,147.0,489.0,"18,3"
538,2018-10-30 16:19:38,mountain,19.44,0 days 00:57:32,20.3,610.0,636.0,145.0,173.0,"15,0"
539,2018-10-21 17:09:47,road,20.43,0 days 00:47:10,26.0,509.0,648.0,145.0,178.0,"23,6"
540,2018-10-19 10:54:14,road,19.75,0 days 00:45:59,25.8,464.0,606.0,141.0,168.0,"21,5"
541,2018-10-17 10:48:52,mountain,25.58,0 days 01:20:42,19.0,704.0,523.0,136.0,386.0,"20,7"
542,2018-10-12 09:51:00,road,20.45,0 days 00:49:10,25.0,476.0,581.0,137.0,171.0,"18,2"
543,2018-09-30 18:47:08,mountain,18.49,0 days 00:49:27,22.4,554.0,672.0,148.0,152.0,"24,5"
544,2018-09-29 20:44:14,mountain,17.93,0 days 00:49:16,21.8,497.0,605.0,141.0,140.0,"21,7"
545,2018-09-24 16:27:11,mountain,23.34,0 days 01:06:37,21.0,667.0,601.0,138.0,139.0,"25,5"
546,2018-09-23 11:43:42,mountain,21.54,0 days 01:01:53,20.9,651.0,631.0,143.0,177.0,"27,5"
547,2018-09-16 18:36:05,mountain,17.94,0 days 00:52:22,20.6,561.0,643.0,146.0,208.0,"25,5"
548,2018-09-13 10:02:18,mountain,18.93,0 days 00:55:40,20.4,541.0,583.0,136.0,170.0,"25,1"
549,2018-09-09 11:28:51,road,47.66,0 days 01:50:47,25.8,1.042,564.0,139.0,260.0,"27,2"
550,2018-09-06 10:25:55,mountain,25.39,0 days 01:24:45,18.0,721.0,510.0,134.0,392.0,"24,5"
551,2018-09-05 09:49:19,mountain,19.4,0 days 00:55:36,20.9,569.0,614.0,142.0,162.0,"23,7"
552,2018-09-02 11:50:09,road,46.63,0 days 01:58:28,23.6,977.0,495.0,134.0,479.0,"26,3"
553,2018-09-01 09:50:43,road,20.16,0 days 00:48:46,24.8,418.0,514.0,130.0,158.0,"23,4"
554,2018-08-05 10:49:00,road,61.22,0 days 02:26:15,25.1,1.576,647.0,151.0,573.0,"34,9"
555,2018-08-03 11:19:08,mountain,23.44,0 days 01:10:38,19.9,653.0,555.0,140.0,373.0,"26,9"
556,2018-08-02 11:22:30,mountain,15.98,0 days 01:11:46,13.4,711.0,594.0,140.0,457.0,"27,0"
557,2018-07-29 10:31:57,road,100.18,0 days 03:34:49,28.0,2.167,605.0,149.0,635.0,"29,0"
558,2018-07-23 11:18:05,road,20.17,0 days 00:47:10,25.6,360.0,458.0,122.0,163.0,"27,5"
559,2018-07-22 11:37:59,mountain,37.69,0 days 02:14:15,16.8,1.039,464.0,130.0,495.0,"23,5"
560,2018-07-17 18:18:19,mountain,15.19,0 days 00:51:42,17.6,443.0,514.0,130.0,150.0,"28,5"
561,2018-07-11 10:58:02,mountain,20.72,0 days 01:01:19,20.3,525.0,514.0,129.0,192.0,"27,6"
562,2018-07-09 11:32:15,road,17.12,0 days 00:42:45,24.0,322.0,452.0,119.0,90.0,"30,4"
563,2018-07-08 09:35:07,road,100.41,0 days 03:33:23,28.2,2.064,580.0,145.0,625.0,"30,0"
564,2018-07-05 10:49:24,mountain,21.05,0 days 01:00:52,20.7,645.0,636.0,142.0,245.0,"27,0"
565,2018-07-02 12:11:41,road,19.61,0 days 00:48:58,24.0,379.0,464.0,122.0,173.0,"28,8"
566,2018-06-30 07:31:12,road,91.55,0 days 04:30:29,20.3,2.286,507.0,134.0,1.758,"24,9"
567,2018-06-26 10:42:27,road,53.49,0 days 02:04:37,25.8,1.262,608.0,145.0,680.0,"27,1"
568,2018-06-24 19:26:07,mountain,17.89,0 days 00:51:29,20.8,546.0,636.0,142.0,188.0,"25,0"
569,2018-06-22 08:43:44,mountain,20.6,0 days 00:59:16,20.9,556.0,563.0,134.0,188.0,"24,9"
570,2018-06-19 11:01:07,road,25.36,0 days 01:08:13,22.3,542.0,477.0,124.0,386.0,"27,8"
571,2018-06-18 09:05:02,road,22.82,0 days 01:01:17,22.3,430.0,421.0,120.0,142.0,"23,2"
572,2018-06-17 08:01:51,road,138.79,0 days 05:20:06,26.0,2.823,529.0,145.0,2.142,"19,1"
573,2018-06-12 10:33:50,mountain,17.92,0 days 00:53:52,20.0,477.0,531.0,131.0,220.0,"22,1"
574,2018-06-11 11:18:19,road,23.92,0 days 00:53:47,26.7,583.0,650.0,141.0,333.0,"24,1"
575,2018-06-10 13:12:20,mountain,13.73,0 days 00:51:59,15.8,573.0,661.0,142.0,311.0,"26,3"
576,2018-06-08 10:39:41,mountain,33.4,0 days 01:54:32,17.5,1.07,561.0,140.0,689.0,"24,0"
577,2018-06-05 10:16:59,mountain,31.33,0 days 01:45:17,17.9,1.008,574.0,141.0,632.0,"22,2"
578,2018-06-02 11:00:40,mountain,17.83,0 days 00:47:02,22.7,430.0,549.0,130.0,148.0,"21,2"
579,2018-05-31 10:10:34,mountain,25.65,0 days 01:11:08,21.6,819.0,691.0,145.0,374.0,"22,1"
580,2018-05-28 11:48:45,road,4.21,0 days 00:15:02,16.8,99.0,395.0,108.0,0.0,"20,6"
581,2018-05-27 08:32:20,road,90.06,0 days 03:03:40,29.4,1.956,639.0,148.0,1.191,"21,7"
582,2018-05-23 09:44:08,road,42.09,0 days 01:31:05,27.7,903.0,595.0,137.0,466.0,"20,7"
583,2018-05-22 10:13:07,mountain,27.75,0 days 01:17:23,21.5,670.0,519.0,130.0,389.0,"20,0"
584,2018-05-19 09:37:40,road,60.47,0 days 02:09:19,28.1,1.279,593.0,139.0,612.0,"22,3"
585,2018-05-17 09:18:15,road,53.88,0 days 02:01:28,26.6,1.2,593.0,141.0,702.0,"19,5"
586,2018-05-16 11:00:19,road,27.42,0 days 01:03:10,26.0,636.0,604.0,137.0,420.0,"20,2"
587,2018-05-14 11:25:23,road,20.65,0 days 00:50:13,24.7,413.0,493.0,123.0,181.0,"16,2"
588,2018-05-13 08:05:52,road,99.15,0 days 03:29:26,28.4,2.054,588.0,142.0,1.227,"8,6"
589,2018-05-12 11:26:12,road,20.33,0 days 00:46:40,26.1,527.0,678.0,142.0,167.0,"19,5"
590,2018-05-08 10:36:40,mountain,25.9,0 days 01:16:17,20.4,659.0,518.0,131.0,245.0,"21,0"
591,2018-05-06 11:22:51,mountain,43.73,0 days 02:20:15,18.7,1.267,542.0,142.0,620.0,"16,9"
592,2018-05-05 11:45:27,road,9.88,0 days 00:25:46,23.0,197.0,459.0,118.0,93.0,"16,8"
593,2018-05-02 11:18:51,road,39.05,0 days 01:25:31,27.4,830.0,582.0,141.0,457.0,"16,2"
594,2018-05-01 12:03:39,road,16.66,0 days 00:43:26,23.0,318.0,439.0,119.0,166.0,"11,7"
595,2018-04-30 09:28:44,road,76.35,0 days 03:05:00,24.8,1.691,548.0,140.0,1.272,"15,6"
596,2018-04-29 12:22:05,mountain,13.23,0 days 00:52:25,15.1,492.0,563.0,140.0,321.0,"15,1"
597,2018-04-28 10:24:48,road,37.35,0 days 01:22:17,27.2,835.0,609.0,143.0,515.0,"19,9"
598,2018-04-26 09:08:11,road,54.01,0 days 01:59:46,27.1,1.258,630.0,144.0,702.0,"18,4"
599,2018-04-24 11:13:34,mountain,27.65,0 days 01:20:38,20.6,710.0,528.0,136.0,386.0,"23,8"
600,2018-04-22 11:02:35,road,61.06,0 days 02:13:10,27.5,1.342,605.0,143.0,601.0,"21,4"
601,2018-04-17 09:05:09,mountain,29.48,0 days 01:29:36,19.7,803.0,538.0,136.0,466.0,"17,4"
602,2018-04-15 08:03:41,road,96.14,0 days 03:57:22,24.3,2.282,577.0,147.0,1.77,"13,1"
603,2018-04-12 10:28:14,road,43.01,0 days 01:50:32,23.3,979.0,531.0,138.0,698.0,"11,4"
604,2018-04-10 11:27:20,mountain,26.66,0 days 01:24:40,18.9,621.0,440.0,122.0,225.0,"14,4"
605,2018-04-04 10:52:01,mountain,16.71,0 days 01:02:05,16.2,660.0,638.0,144.0,336.0,"17,7"
606,2018-04-02 18:44:16,mountain,10.96,0 days 00:35:36,18.5,295.0,497.0,123.0,60.0,"14,2"
607,2018-04-01 10:37:42,road,60.36,0 days 02:16:51,26.5,1.35,592.0,144.0,621.0,"13,4"
608,2018-03-31 18:43:48,mountain,17.14,0 days 00:49:02,21.0,593.0,726.0,145.0,157.0,"15,2"
609,2018-03-30 11:49:45,mountain,33.81,0 days 01:55:27,17.6,1.057,549.0,137.0,704.0,"16,8"
610,2018-03-28 16:59:17,mountain,14.6,0 days 00:47:29,18.5,471.0,595.0,133.0,150.0,"20,6"
611,2018-03-26 11:09:33,mountain,9.04,0 days 00:31:38,17.2,250.0,474.0,117.0,118.0,"12,5"
612,2018-03-25 10:37:06,mountain,32.52,0 days 02:04:07,15.7,1.071,518.0,131.0,640.0,"10,6"
613,2018-03-22 09:58:28,mountain,30.67,0 days 01:48:29,17.0,1.127,623.0,140.0,680.0,"10,5"
614,2018-03-21 09:58:14,mountain,32.86,0 days 01:56:28,16.9,1.143,589.0,141.0,639.0,"11,2"
615,2018-03-19 11:03:09,mountain,16.4,0 days 01:03:02,15.6,595.0,566.0,135.0,250.0,"13,0"
616,2018-03-19 10:34:34,mountain,5.48,0 days 00:19:42,16.7,234.0,713.0,139.0,152.0,"11,0"
617,2018-03-18 09:08:18,mountain,17.3,0 days 00:50:15,20.7,476.0,568.0,129.0,132.0,"8,9"
618,2018-03-15 10:41:46,mountain,30.64,0 days 01:47:36,17.1,1.014,565.0,138.0,654.0,"16,4"
619,2018-03-14 11:20:07,road,8.67,0 days 00:21:55,23.7,180.0,493.0,116.0,48.0,"16,2"
620,2018-03-12 10:34:33,road,23.71,0 days 00:59:05,24.1,602.0,611.0,133.0,347.0,"14,5"
621,2018-03-11 11:26:32,mountain,32.48,0 days 01:41:31,19.2,986.0,583.0,139.0,506.0,"16,7"
622,2018-03-09 10:52:56,mountain,33.98,0 days 01:56:29,17.5,1.127,580.0,138.0,690.0,"16,9"
623,2018-03-07 10:50:59,mountain,30.64,0 days 01:30:50,20.2,879.0,581.0,139.0,340.0,"12,8"
624,2018-03-06 09:06:29,mountain,47.63,0 days 03:14:45,14.7,1.803,555.0,140.0,1.21,"12,1"
625,2018-03-03 09:16:42,mountain,16.75,0 days 00:48:53,20.6,537.0,659.0,140.0,113.0,"12,2"
626,2018-03-02 08:41:04,mountain,15.72,0 days 00:59:49,15.8,654.0,656.0,143.0,338.0,"9,6"
627,2018-02-28 17:30:07,mountain,21.31,0 days 01:02:12,20.6,721.0,695.0,150.0,136.0,"4,9"
628,2018-02-27 08:14:31,mountain,18.31,0 days 00:52:39,20.9,575.0,655.0,144.0,134.0,"-0,5"
629,2018-02-25 14:52:45,road,61.47,0 days 02:40:17,23.0,1.306,489.0,132.0,617.0,"13,2"
630,2018-02-23 10:43:07,road,46.42,0 days 01:50:51,25.1,1.026,555.0,139.0,431.0,"7,8"
631,2018-02-22 11:27:02,indoor,5.8,0 days 00:15:06,23.0,183.0,727.0,146.0,0.0,"7,9"
632,2018-02-22 11:20:04,indoor,1.79,0 days 00:06:15,17.1,47.0,451.0,113.0,0.0,"16,0"
633,2018-02-18 11:48:30,road,42.05,0 days 01:39:06,25.5,922.0,558.0,139.0,404.0,"12,5"
634,2018-02-17 10:33:53,road,36.52,0 days 01:23:52,26.1,803.0,574.0,137.0,228.0,"10,8"
635,2018-02-15 10:45:58,road,23.82,0 days 00:58:57,24.2,629.0,640.0,142.0,342.0,"13,0"
636,2018-02-13 11:06:24,road,30.08,0 days 01:15:12,24.0,661.0,527.0,132.0,375.0,"5,9"
637,2018-02-11 10:23:11,road,64.26,0 days 02:39:01,24.2,1.465,553.0,140.0,665.0,"9,6"
638,2018-02-09 09:43:15,road,29.15,0 days 01:19:07,22.1,760.0,576.0,135.0,527.0,"2,2"
639,2018-02-08 09:59:36,road,51.85,0 days 02:18:36,22.4,1.225,530.0,138.0,574.0,"3,1"
640,2018-02-06 09:06:26,mountain,31.87,0 days 01:54:58,16.6,1.033,539.0,136.0,584.0,"6,9"
641,2018-02-03 15:08:32,road,39.83,0 days 01:33:04,25.7,889.0,573.0,138.0,269.0,"10,5"
642,2018-02-01 09:02:09,road,26.27,0 days 01:04:38,24.4,643.0,597.0,138.0,205.0,"6,0"
643,2018-01-30 09:38:08,road,18.87,0 days 00:48:00,23.6,492.0,615.0,133.0,218.0,"9,3"
644,2018-01-27 09:05:57,road,20.12,0 days 00:50:48,23.8,486.0,574.0,134.0,172.0,"6,4"
645,2018-01-26 11:24:57,road,20.43,0 days 01:10:20,17.4,633.0,540.0,131.0,0.0,"7,2"
646,2018-01-24 09:41:31,road,100.35,0 days 03:59:17,25.2,1.97,494.0,137.0,699.0,"14,4"
647,2018-01-21 11:04:19,road,60.9,0 days 02:29:51,24.4,1.161,465.0,130.0,378.0,"15,1"
648,2018-01-20 10:53:55,road,37.04,0 days 01:28:28,25.1,738.0,501.0,129.0,246.0,"10,6"
649,2018-01-19 10:02:35,mountain,32.42,0 days 01:43:36,18.8,774.0,448.0,126.0,361.0,"6,6"
650,2018-01-16 10:31:13,mountain,29.4,0 days 01:48:17,16.3,799.0,443.0,126.0,304.0,"12,3"
651,2018-01-14 10:34:03,road,96.13,0 days 03:57:35,24.3,1.847,466.0,135.0,698.0,"10,4"
652,2018-01-13 16:20:29,mountain,19.12,0 days 01:09:51,16.4,654.0,562.0,135.0,214.0,"11,1"
653,2018-01-12 09:53:03,road,52.47,0 days 02:07:26,24.7,1.063,501.0,133.0,335.0,"7,1"
654,2018-01-10 09:30:26,road,27.93,0 days 01:13:58,22.7,615.0,499.0,130.0,224.0,"7,0"
655,2018-01-06 11:18:11,road,36.58,0 days 01:30:58,24.1,739.0,487.0,129.0,254.0,"12,6"
656,2018-01-04 08:43:05,road,19.17,0 days 00:51:14,22.4,411.0,481.0,123.0,119.0,"14,5"
657,2017-12-27 10:35:45,road,42.14,0 days 01:52:59,22.4,982.0,522.0,134.0,434.0,"11,3"
658,2017-12-25 11:26:39,road,23.54,0 days 01:03:45,22.2,424.0,399.0,116.0,155.0,"10,0"
659,2017-12-24 10:07:26,road,100.56,0 days 03:57:28,25.4,1.985,502.0,138.0,717.0,"10,6"
660,2017-12-23 12:17:42,road,38.8,0 days 01:40:19,23.2,922.0,551.0,137.0,519.0,"13,1"
661,2017-12-21 12:12:40,road,24.98,0 days 01:00:32,24.8,603.0,598.0,137.0,138.0,"13,6"
662,2017-12-20 08:42:47,road,21.05,0 days 00:53:49,23.5,550.0,613.0,138.0,131.0,"4,9"
663,2017-12-18 10:52:05,road,24.67,0 days 01:03:07,23.5,631.0,600.0,138.0,205.0,"7,0"
664,2017-12-15 11:20:50,road,24.05,0 days 00:59:31,24.2,479.0,483.0,125.0,151.0,"13,8"
665,2017-12-13 16:12:46,road,23.23,0 days 01:01:44,22.6,526.0,511.0,128.0,142.0,"10,7"
666,2017-12-12 10:10:02,road,44.31,0 days 01:59:42,22.2,952.0,477.0,130.0,277.0,"8,7"
667,2017-12-11 10:03:19,indoor,8.98,0 days 00:30:14,17.8,267.0,530.0,126.0,1.0,"15,5"
668,2017-12-10 11:07:52,road,75.32,0 days 03:01:50,24.9,1.505,497.0,137.0,596.0,"15,1"
669,2017-12-08 11:06:53,road,50.69,0 days 01:59:39,25.4,1.127,565.0,138.0,362.0,"10,0"
670,2017-12-07 08:40:16,road,24.6,0 days 01:01:21,24.1,616.0,602.0,136.0,154.0,"5,2"
671,2017-12-05 09:21:28,road,22.37,0 days 00:56:39,23.7,582.0,616.0,138.0,162.0,"5,5"
672,2017-12-04 16:12:19,road,20.09,0 days 00:58:06,20.7,479.0,495.0,128.0,171.0,"12,0"
673,2017-12-03 11:22:05,road,60.13,0 days 02:32:18,23.7,1.252,493.0,134.0,482.0,"11,0"
674,2017-12-01 09:33:19,road,20.77,0 days 00:56:33,22.0,474.0,503.0,128.0,178.0,"5,7"
675,2017-11-30 09:41:53,road,50.11,0 days 02:03:18,24.4,993.0,483.0,131.0,307.0,"8,3"
676,2017-11-27 15:46:29,road,21.73,0 days 01:00:50,21.4,512.0,505.0,129.0,198.0,"12,6"
677,2017-11-26 12:02:24,road,42.13,0 days 01:49:20,23.1,867.0,476.0,130.0,254.0,"13,1"
678,2017-11-25 13:15:28,road,36.29,0 days 01:32:45,23.5,761.0,492.0,128.0,224.0,"16,6"
679,2017-11-24 08:04:27,road,22.71,0 days 01:03:09,21.6,526.0,500.0,127.0,182.0,"11,1"
680,2017-11-20 16:02:07,road,24.27,0 days 01:04:50,22.5,591.0,547.0,132.0,152.0,"16,4"
681,2017-11-16 10:55:53,road,34.77,0 days 01:29:02,23.4,713.0,481.0,128.0,227.0,"14,4"
682,2017-11-14 09:44:05,road,34.52,0 days 01:31:06,22.7,727.0,479.0,129.0,201.0,"12,1"
683,2017-11-13 09:30:11,road,40.52,0 days 02:01:12,20.1,914.0,452.0,130.0,335.0,"14,6"
684,2017-11-01 11:44:45,road,20.78,0 days 00:51:22,24.3,568.0,664.0,140.0,177.0,"18,5"
686,2017-10-15 11:05:22,road,42.1,0 days 01:38:39,25.6,1.159,705.0,148.0,477.0,"23,1"
687,2017-10-07 18:08:02,mountain,20.76,0 days 01:04:05,19.4,800.0,749.0,156.0,284.0,"19,1"
689,2017-09-24 10:13:22,road,42.24,0 days 01:50:53,22.9,971.0,525.0,129.0,358.0,"21,2"
690,2017-08-21 16:12:11,road,40.15,0 days 01:34:40,25.5,944.0,598.0,136.0,250.0,"27,6"
691,2017-08-19 17:23:27,road,22.58,0 days 00:57:43,23.5,625.0,650.0,143.0,300.0,"26,6"
692,2017-08-18 18:43:52,road,20.04,0 days 00:46:05,26.1,532.0,693.0,144.0,153.0,"30,7"
693,2017-08-16 11:16:32,road,30.71,0 days 01:15:42,24.3,823.0,652.0,144.0,371.0,"26,9"
694,2017-08-13 15:21:25,road,40.53,0 days 01:36:38,25.2,987.0,613.0,138.0,253.0,"27,9"
695,2017-08-11 11:30:00,road,23.63,0 days 00:58:52,24.1,666.0,679.0,143.0,329.0,"23,1"
697,2017-07-21 11:34:26,road,19.56,0 days 00:53:27,22.0,452.0,507.0,125.0,177.0,"24,3"
699,2017-07-18 09:33:48,mountain,19.69,0 days 01:10:02,16.9,690.0,591.0,136.0,187.0,"27,3"
701,2017-06-14 11:11:06,road,19.42,0 days 00:53:52,21.6,485.0,540.0,123.0,173.0,"30,2"
702,2017-05-31 09:50:21,road,31.32,0 days 03:00:45,10.4,1.682,558.0,142.0,1.435,"18,9"
703,2017-05-30 17:10:44,road,17.87,0 days 02:12:45,8.1,1.205,545.0,141.0,907.0,"19,9"
704,2017-05-30 09:12:21,road,37.44,0 days 02:36:17,14.4,1.552,596.0,142.0,1.167,"17,3"
705,2017-05-25 11:29:53,road,19.7,0 days 00:47:31,24.9,446.0,563.0,128.0,151.0,"28,3"
706,2017-05-22 18:11:47,mountain,11.42,0 days 01:03:25,10.8,636.0,602.0,150.0,286.0,"21,6"
707,2017-05-19 15:21:27,mountain,16.85,0 days 01:04:58,15.6,553.0,511.0,128.0,157.0,"19,8"
708,2017-05-18 09:31:42,road,40.69,0 days 01:44:23,23.4,868.0,499.0,127.0,402.0,"20,3"
709,2017-05-14 08:04:17,road,95.3,0 days 03:10:58,29.9,2.194,689.0,150.0,1.102,"20,2"
710,2017-05-10 09:35:07,road,61.05,0 days 02:19:47,26.2,1.344,577.0,135.0,549.0,"19,2"
711,2017-05-08 15:24:01,road,40.82,0 days 01:37:45,25.1,1.01,620.0,141.0,205.0,"21,7"
712,2017-05-04 15:12:16,road,60.82,0 days 02:32:52,23.9,1.535,602.0,139.0,552.0,"19,5"
714,2017-05-01 09:27:37,road,19.8,0 days 00:47:46,24.9,478.0,600.0,133.0,157.0,"13,4"
715,2017-04-17 09:10:39,road,114.42,0 days 04:35:03,25.0,3.133,683.0,145.0,1.729,"19,5"
716,2017-04-14 10:15:18,road,57.13,0 days 02:46:38,20.6,1.634,588.0,134.0,1.156,"21,5"
717,2017-04-12 09:14:44,road,45.25,0 days 01:53:21,24.0,1.066,564.0,131.0,526.0,"17,0"
718,2017-04-09 10:14:11,road,64.94,0 days 02:30:35,25.9,1.619,645.0,140.0,744.0,"19,1"
719,2017-04-07 15:46:44,road,47.17,0 days 01:50:59,25.5,1.193,645.0,140.0,596.0,"18,6"
720,2017-04-05 09:07:16,road,60.25,0 days 02:20:15,25.8,1.518,649.0,141.0,545.0,"14,0"
721,2017-04-03 17:15:23,mountain,28.35,0 days 01:29:04,19.1,846.0,570.0,131.0,365.0,"19,7"
722,2017-03-29 17:17:51,road,48.29,0 days 01:59:05,24.3,1.082,545.0,128.0,593.0,"19,8"
723,2017-03-26 11:26:16,road,61.0,0 days 02:18:25,26.4,1.463,634.0,139.0,550.0,"16,1"
724,2017-03-22 16:05:05,road,40.59,0 days 01:34:37,25.7,927.0,588.0,133.0,393.0,"15,7"
725,2017-03-19 14:11:34,road,4.48,0 days 00:08:27,31.8,80.0,568.0,131.0,0.0,"20,6"
726,2017-03-19 08:31:33,road,142.15,0 days 05:37:16,25.3,4.295,764.0,154.0,2.602,"17,8"
727,2017-03-15 15:29:00,road,44.07,0 days 01:41:52,26.0,996.0,587.0,133.0,458.0,"18,0"
728,2017-03-13 15:37:18,road,37.03,0 days 01:28:38,25.1,833.0,564.0,130.0,202.0,"17,3"
729,2017-03-12 09:42:36,road,82.29,0 days 03:46:42,21.8,2.474,655.0,142.0,1.668,"16,8"
730,2017-03-10 16:07:56,road,60.63,0 days 02:21:55,25.6,1.665,704.0,147.0,543.0,"21,2"
731,2017-03-08 15:45:02,road,34.96,0 days 01:27:03,24.1,960.0,662.0,142.0,467.0,"16,4"
732,2017-03-07 16:05:35,road,44.02,0 days 01:41:50,25.9,1.071,631.0,138.0,457.0,"13,8"
733,2017-03-03 15:51:07,road,29.62,0 days 01:04:35,27.5,642.0,596.0,134.0,266.0,"14,4"
734,2017-03-01 16:04:13,road,55.35,0 days 02:00:29,27.6,1.214,605.0,135.0,373.0,"15,0"
735,2017-02-27 15:38:19,road,39.34,0 days 01:29:06,26.5,813.0,547.0,128.0,192.0,"15,8"
736,2017-02-26 09:17:35,road,93.03,0 days 03:59:08,23.3,2.327,584.0,133.0,1.337,"13,8"
737,2017-02-25 15:45:21,road,41.55,0 days 01:32:48,26.9,997.0,645.0,140.0,463.0,"13,2"
738,2017-02-22 15:59:29,road,43.56,0 days 01:46:31,24.5,1.092,615.0,137.0,701.0,"17,5"
739,2017-02-19 12:22:06,road,36.92,0 days 01:12:30,30.6,621.0,514.0,125.0,113.0,"14,0"
740,2017-02-19 09:06:21,road,61.05,0 days 02:53:32,21.1,2.063,713.0,148.0,1.479,"12,8"
741,2017-02-17 15:33:32,road,66.21,0 days 02:28:41,26.7,1.537,620.0,137.0,664.0,"14,7"
742,2017-02-15 15:45:53,road,43.18,0 days 01:41:50,25.4,1.128,665.0,142.0,608.0,"14,2"
744,2017-02-12 09:32:15,mountain,60.85,0 days 03:40:35,16.6,2.427,660.0,142.0,1.492,"13,5"
745,2017-02-10 15:39:00,road,52.39,0 days 02:01:18,25.9,1.278,632.0,138.0,542.0,"11,4"
746,2017-02-09 15:26:11,road,49.73,0 days 01:54:21,26.1,1.266,664.0,142.0,589.0,"12,3"
747,2017-02-07 15:51:09,road,37.55,0 days 01:27:31,25.7,792.0,543.0,128.0,184.0,"14,8"
748,2017-02-05 09:11:52,road,89.36,0 days 03:42:03,24.1,2.589,700.0,147.0,1.293,"11,2"
749,2017-02-01 16:06:18,road,47.59,0 days 01:48:13,26.4,1.195,663.0,142.0,576.0,"13,5"
750,2017-01-30 15:30:33,road,27.02,0 days 01:03:27,25.5,590.0,558.0,129.0,117.0,"14,3"
751,2017-01-29 09:09:09,road,64.59,0 days 02:40:48,24.1,1.859,694.0,146.0,972.0,"9,8"
752,2017-01-28 16:20:01,road,23.54,0 days 00:54:11,26.1,646.0,715.0,149.0,327.0,"12,3"
753,2017-01-26 15:27:44,road,21.78,0 days 00:48:30,26.9,504.0,623.0,138.0,158.0,"11,5"
754,2017-01-25 14:20:45,road,27.61,0 days 01:07:11,24.7,732.0,654.0,141.0,460.0,"6,0"
755,2017-01-23 16:00:47,road,20.34,0 days 00:53:24,22.9,434.0,488.0,122.0,158.0,"10,5"
756,2017-01-22 10:09:29,mountain,57.14,0 days 03:00:26,19.0,2.008,668.0,143.0,687.0,"14,2"
757,2017-01-19 15:09:37,road,52.57,0 days 02:00:38,26.1,1.216,605.0,135.0,273.0,"14,4"
758,2017-01-18 15:18:56,road,52.07,0 days 02:02:33,25.5,1.349,660.0,142.0,531.0,"6,6"
759,2017-01-16 15:23:31,road,23.55,0 days 01:01:59,22.8,533.0,516.0,124.0,170.0,"11,3"
760,2017-01-15 10:12:06,road,100.39,0 days 03:33:37,28.2,2.377,668.0,143.0,558.0,"9,5"
761,2017-01-14 09:23:26,road,44.64,0 days 01:34:45,28.3,1.032,654.0,141.0,202.0,"6,4"
762,2017-01-12 09:07:17,road,84.2,0 days 03:46:25,22.3,2.397,635.0,139.0,1.132,"12,2"
763,2017-01-09 16:03:45,road,20.31,0 days 00:52:09,23.4,504.0,580.0,132.0,161.0,"11,4"
764,2017-01-08 10:58:23,road,90.44,0 days 03:32:34,25.5,2.302,650.0,141.0,882.0,"13,8"
765,2017-01-06 09:44:03,road,100.83,0 days 03:43:18,27.1,2.414,649.0,140.0,531.0,"9,2"
766,2017-01-02 15:42:29,road,35.38,0 days 01:28:49,23.9,840.0,567.0,130.0,183.0,"14,6"
767,2017-01-01 09:31:47,road,77.99,0 days 02:58:59,26.1,1.907,639.0,139.0,545.0,"8,2"
768,2016-12-31 09:11:08,road,45.22,0 days 01:49:19,24.8,1.184,650.0,141.0,482.0,"8,7"
769,2016-12-30 15:11:55,road,54.3,0 days 02:05:06,26.0,1.389,666.0,143.0,462.0,"13,2"
770,2016-12-29 09:51:27,road,43.65,0 days 01:45:50,24.7,1.172,664.0,143.0,409.0,"9,4"
771,2016-12-27 10:10:48,road,53.87,0 days 02:00:26,26.8,1.385,690.0,145.0,402.0,"12,7"
772,2016-12-26 11:19:02,road,20.21,0 days 00:51:39,23.5,494.0,574.0,131.0,159.0,"14,1"
773,2016-12-25 09:31:00,road,100.27,0 days 03:38:59,27.5,2.613,716.0,148.0,541.0,"10,6"
774,2016-12-24 10:31:26,road,32.89,0 days 01:16:02,26.0,911.0,719.0,149.0,300.0,"8,8"
775,2016-12-23 14:58:45,road,60.26,0 days 02:12:12,27.4,1.561,708.0,148.0,319.0,"17,0"
776,2016-12-21 14:59:40,road,46.22,0 days 01:43:28,26.8,1.198,695.0,146.0,201.0,"16,9"
777,2016-12-20 14:50:04,road,47.96,0 days 01:47:56,26.7,1.244,692.0,146.0,152.0,"13,0"
778,2016-12-18 10:12:55,road,100.24,0 days 03:48:57,26.3,2.695,706.0,147.0,555.0,"11,2"
779,2016-12-16 15:16:53,road,47.54,0 days 01:51:08,25.7,1.264,682.0,144.0,199.0,"14,6"
780,2016-12-14 15:14:23,road,54.33,0 days 02:06:43,25.7,1.491,706.0,147.0,208.0,"15,2"
781,2016-12-12 15:08:45,road,46.62,0 days 01:45:38,26.5,1.214,690.0,145.0,183.0,"16,2"
782,2016-12-09 09:18:54,road,56.29,0 days 02:28:48,22.7,1.456,587.0,133.0,218.0,"11,8"
783,2016-12-08 11:03:11,road,39.9,0 days 01:42:20,23.4,986.0,578.0,132.0,203.0,"13,8"
784,2016-12-07 10:21:06,road,41.66,0 days 01:55:31,21.6,1.15,597.0,134.0,194.0,"13,8"
785,2016-12-05 10:17:32,road,44.59,0 days 01:56:09,23.0,1.12,579.0,132.0,198.0,"13,8"
786,2016-12-03 15:50:30,road,36.51,0 days 01:35:05,23.0,921.0,581.0,132.0,184.0,"11,1"
787,2016-12-02 15:21:59,road,69.53,0 days 02:58:14,23.4,1.682,566.0,130.0,276.0,"12,6"
788,2016-12-01 15:30:52,road,46.54,0 days 02:00:35,23.2,1.141,568.0,130.0,184.0,"12,2"
789,2016-11-29 16:26:33,road,20.21,0 days 00:55:16,21.9,523.0,568.0,130.0,143.0,"12,3"
790,2016-11-28 15:04:41,road,48.26,0 days 02:02:45,23.6,1.159,567.0,130.0,197.0,"12,9"
791,2016-11-27 10:15:27,road,55.72,0 days 02:45:03,20.3,1.656,602.0,134.0,236.0,"14,2"
792,2016-11-25 15:09:15,road,45.47,0 days 01:59:47,22.8,1.126,564.0,130.0,207.0,"12,1"
793,2016-11-24 15:23:26,road,43.38,0 days 01:54:06,22.8,1.068,562.0,130.0,206.0,"13,4"
794,2016-11-22 10:08:17,road,43.87,0 days 02:05:15,21.0,1.222,585.0,132.0,207.0,"16,4"
795,2016-11-20 12:03:49,road,56.06,0 days 02:21:25,23.8,1.316,558.0,129.0,204.0,"17,7"
796,2016-11-18 10:20:38,road,44.46,0 days 02:03:03,21.7,1.192,581.0,132.0,210.0,"17,1"
797,2016-11-16 10:18:54,road,36.82,0 days 01:42:36,21.5,996.0,582.0,132.0,203.0,"12,9"
798,2016-11-14 10:31:19,road,36.66,0 days 01:42:48,21.4,1.026,599.0,134.0,181.0,"14,7"
799,2016-11-13 12:01:18,road,34.2,0 days 01:47:07,19.2,949.0,532.0,126.0,187.0,"16,2"
800,2016-11-11 10:10:59,road,34.3,0 days 01:46:51,19.3,930.0,522.0,125.0,188.0,"11,3"
801,2016-11-09 10:09:04,road,27.08,0 days 01:31:21,17.8,796.0,523.0,125.0,84.0,"15,1"
802,2016-11-07 10:21:46,road,30.92,0 days 01:32:56,20.0,773.0,499.0,122.0,165.0,"10,9"
803,2016-11-06 10:37:28,road,49.96,0 days 02:22:21,21.1,1.304,550.0,128.0,231.0,"13,1"
804,2016-11-04 10:40:14,road,45.93,0 days 02:01:37,22.7,1.055,520.0,125.0,242.0,"18,2"
805,2016-11-01 10:17:13,road,34.11,0 days 01:35:28,21.4,851.0,535.0,126.0,189.0,"20,2"
806,2016-10-30 10:47:11,road,53.05,0 days 02:22:37,22.3,1.481,623.0,137.0,413.0,"19,5"
807,2016-10-29 17:03:18,road,34.77,0 days 01:35:22,21.9,974.0,613.0,136.0,177.0,"18,3"
808,2016-10-25 10:33:13,road,27.76,0 days 01:20:23,20.7,780.0,582.0,132.0,152.0,"18,6"
809,2016-10-24 10:31:21,road,39.87,0 days 01:47:13,22.3,977.0,547.0,128.0,184.0,"19,2"
810,2016-10-23 11:26:27,road,44.46,0 days 02:03:10,21.7,1.266,617.0,136.0,180.0,"20,3"
811,2016-10-22 17:27:43,road,33.47,0 days 01:30:18,22.2,892.0,593.0,133.0,256.0,"16,5"
812,2016-10-19 16:20:32,road,38.82,0 days 01:34:49,24.6,960.0,607.0,135.0,177.0,"18,5"
813,2016-10-17 15:05:22,road,38.92,0 days 01:33:45,24.9,874.0,559.0,129.0,168.0,"21,3"
